<?xml version="1.0" encoding="UTF-8"?><SLA Version="1.0"><TxList><Tx>dso_findProductSearch06_logout</Tx><Tx>vuser_end_Transaction</Tx><Tx>dso_findProductSearch02_login</Tx><Tx>dso_findProductSearch04SecurityFilter</Tx><Tx>vuser_init_Transaction</Tx><Tx>dso_findProductSearch05applySearch</Tx><Tx>Login_Transaction</Tx><Tx>dso_findProductSearch03_SelectRoleAndLoadHomePage</Tx><Tx>dso_findProductSearch03loadsearchscreen</Tx><Tx>Action_Transaction</Tx><Tx>Logout_Transaction</Tx><Tx>dso_findProductSearch01_NegvtIE</Tx></TxList><SLARules><TrackingPeriodType>Default</TrackingPeriodType><TrackingPeriodValue></TrackingPeriodValue><TrackingPeriodTimeScale></TrackingPeriodTimeScale></SLARules></SLA>