<?xml version="1.0" encoding="gb2312"?><Metadata><Ms><It Ln="54" O="0" M="Utt.Debugger.Warning" T="warning: unrecognized character escape sequence `\{'&#xD;&#xA;"><P F="C:\Users\jye20\Downloads\dso_findProductSearch10\Login.c" N="480" C="0" /></It><It Ln="54" O="0" M="Utt.Debugger.Warning" T="warning: unrecognized character escape sequence `\}'&#xD;&#xA;"><P F="C:\Users\jye20\Downloads\dso_findProductSearch10\Login.c" N="481" C="0" /></It><It Ln="54" O="0" M="Utt.Debugger.Warning" T="warning: unrecognized character escape sequence `\/'&#xD;&#xA;"><P F="C:\Users\jye20\Downloads\dso_findProductSearch10\Action.c" N="280" C="0" /></It><It Ln="18" O="0" M="Utt.Debugger.Info" T="No errors detected" /></Ms></Metadata>