{"OutputFileHashSum":"A70FCFC93BF38F0B4C416D534B63105B5A07E06AAAE7856E2E0C960E70EF13A2","Converted":true,"OutputModifyDate":"2019-04-10T11:22:04.7165803Z","Metadatas":[{"CategoryName":"VuGen.Replay","Offset":489,"Length":23,"TypeId":1},{"CategoryName":"VuGen.Replay","Offset":1081,"Length":77,"TypeId":2},{"CategoryName":"VuGen.Replay","Offset":1512,"Length":107,"TypeId":3},{"CategoryName":"VuGen.Replay","Offset":1619,"Length":107,"TypeId":3},{"CategoryName":"VuGen.Replay","Offset":1726,"Length":107,"TypeId":3},{"CategoryName":"VuGen.Replay","Offset":1833,"Length":219,"TypeId":3},{"CategoryName":"VuGen.Replay","Offset":2052,"Length":107,"TypeId":3},{"CategoryName":"VuGen.Replay","Offset":2159,"Length":219,"TypeId":3},{"CategoryName":"VuGen.Replay","Offset":2378,"Length":107,"TypeId":3},{"CategoryName":"VuGen.Replay","Offset":2485,"Length":219,"TypeId":3},{"CategoryName":"VuGen.Replay","Offset":2704,"Length":107,"TypeId":3},{"CategoryName":"VuGen.Replay","Offset":2811,"Length":219,"TypeId":3},{"CategoryName":"VuGen.Replay","Offset":3030,"Length":107,"TypeId":3},{"CategoryName":"VuGen.Replay","Offset":3137,"Length":107,"TypeId":3},{"CategoryName":"VuGen.Replay","Offset":3244,"Length":107,"TypeId":3},{"CategoryName":"VuGen.Replay","Offset":3351,"Length":107,"TypeId":3},{"CategoryName":"VuGen.Replay","Offset":3458,"Length":107,"TypeId":3},{"CategoryName":"VuGen.Replay","Offset":3565,"Length":107,"TypeId":3},{"CategoryName":"VuGen.Replay","Offset":3672,"Length":107,"TypeId":3},{"CategoryName":"VuGen.Replay","Offset":3779,"Length":107,"TypeId":3},{"CategoryName":"VuGen.Replay","Offset":6919,"Length":86,"TypeId":4},{"CategoryName":"VuGen.Replay","Offset":8871,"Length":107,"TypeId":3},{"CategoryName":"VuGen.Replay","Offset":8978,"Length":219,"TypeId":3},{"CategoryName":"VuGen.Replay","Offset":9326,"Length":135,"TypeId":2},{"CategoryName":"VuGen.Replay","Offset":9504,"Length":75,"TypeId":2},{"CategoryName":"VuGen.Replay","Offset":10137,"Length":219,"TypeId":3},{"CategoryName":"VuGen.Replay","Offset":10356,"Length":219,"TypeId":3},{"CategoryName":"VuGen.Replay","Offset":10575,"Length":105,"TypeId":3},{"CategoryName":"VuGen.Replay","Offset":10680,"Length":86,"TypeId":3},{"CategoryName":"VuGen.Replay","Offset":10766,"Length":81,"TypeId":5},{"CategoryName":"VuGen.Replay","Offset":10847,"Length":85,"TypeId":3},{"CategoryName":"VuGen.Replay","Offset":10932,"Length":84,"TypeId":4},{"CategoryName":"VuGen.Replay","Offset":11472,"Length":133,"TypeId":2},{"CategoryName":"VuGen.Replay","Offset":11605,"Length":95,"TypeId":2},{"CategoryName":"VuGen.Replay","Offset":12074,"Length":104,"TypeId":3},{"CategoryName":"VuGen.Replay","Offset":14043,"Length":100,"TypeId":4},{"CategoryName":"VuGen.Replay","Offset":14669,"Length":87,"TypeId":3},{"CategoryName":"VuGen.Replay","Offset":14756,"Length":89,"TypeId":6},{"CategoryName":"VuGen.Replay","Offset":14845,"Length":119,"TypeId":3},{"CategoryName":"VuGen.Replay","Offset":15691,"Length":104,"TypeId":3},{"CategoryName":"VuGen.Replay","Offset":32747,"Length":66,"TypeId":4},{"CategoryName":"VuGen.Replay","Offset":32918,"Length":85,"TypeId":3},{"CategoryName":"VuGen.Replay","Offset":33003,"Length":72,"TypeId":4},{"CategoryName":"VuGen.Replay","Offset":33321,"Length":104,"TypeId":3},{"CategoryName":"VuGen.Replay","Offset":33425,"Length":104,"TypeId":3},{"CategoryName":"VuGen.Replay","Offset":33529,"Length":104,"TypeId":3},{"CategoryName":"VuGen.Replay","Offset":33633,"Length":104,"TypeId":3},{"CategoryName":"VuGen.Replay","Offset":33737,"Length":104,"TypeId":3},{"CategoryName":"VuGen.Replay","Offset":33841,"Length":104,"TypeId":3},{"CategoryName":"VuGen.Replay","Offset":33945,"Length":104,"TypeId":3},{"CategoryName":"VuGen.Replay","Offset":34049,"Length":104,"TypeId":3},{"CategoryName":"VuGen.Replay","Offset":34153,"Length":104,"TypeId":3},{"CategoryName":"VuGen.Replay","Offset":34257,"Length":104,"TypeId":3},{"CategoryName":"VuGen.Replay","Offset":34361,"Length":104,"TypeId":3},{"CategoryName":"VuGen.Replay","Offset":34465,"Length":104,"TypeId":3},{"CategoryName":"VuGen.Replay","Offset":34569,"Length":104,"TypeId":3},{"CategoryName":"VuGen.Replay","Offset":34673,"Length":104,"TypeId":3},{"CategoryName":"VuGen.Replay","Offset":34777,"Length":104,"TypeId":3},{"CategoryName":"VuGen.Replay","Offset":34881,"Length":104,"TypeId":3},{"CategoryName":"VuGen.Replay","Offset":34985,"Length":104,"TypeId":3},{"CategoryName":"VuGen.Replay","Offset":35089,"Length":104,"TypeId":3},{"CategoryName":"VuGen.Replay","Offset":35193,"Length":104,"TypeId":3},{"CategoryName":"VuGen.Replay","Offset":35297,"Length":104,"TypeId":3},{"CategoryName":"VuGen.Replay","Offset":35401,"Length":104,"TypeId":3},{"CategoryName":"VuGen.Replay","Offset":35505,"Length":104,"TypeId":3},{"CategoryName":"VuGen.Replay","Offset":35609,"Length":104,"TypeId":3},{"CategoryName":"VuGen.Replay","Offset":35713,"Length":104,"TypeId":3},{"CategoryName":"VuGen.Replay","Offset":40632,"Length":66,"TypeId":4},{"CategoryName":"VuGen.Replay","Offset":40803,"Length":85,"TypeId":3},{"CategoryName":"VuGen.Replay","Offset":40888,"Length":70,"TypeId":4},{"CategoryName":"VuGen.Replay","Offset":41030,"Length":104,"TypeId":3},{"CategoryName":"VuGen.Replay","Offset":41134,"Length":104,"TypeId":3},{"CategoryName":"VuGen.Replay","Offset":41238,"Length":104,"TypeId":3},{"CategoryName":"VuGen.Replay","Offset":41342,"Length":104,"TypeId":3},{"CategoryName":"VuGen.Replay","Offset":41446,"Length":104,"TypeId":3},{"CategoryName":"VuGen.Replay","Offset":41550,"Length":104,"TypeId":3},{"CategoryName":"VuGen.Replay","Offset":41654,"Length":104,"TypeId":3},{"CategoryName":"VuGen.Replay","Offset":41758,"Length":104,"TypeId":3},{"CategoryName":"VuGen.Replay","Offset":41862,"Length":104,"TypeId":3},{"CategoryName":"VuGen.Replay","Offset":41966,"Length":104,"TypeId":3},{"CategoryName":"VuGen.Replay","Offset":42070,"Length":104,"TypeId":3},{"CategoryName":"VuGen.Replay","Offset":42174,"Length":104,"TypeId":3},{"CategoryName":"VuGen.Replay","Offset":42278,"Length":104,"TypeId":3},{"CategoryName":"VuGen.Replay","Offset":42382,"Length":104,"TypeId":3},{"CategoryName":"VuGen.Replay","Offset":42486,"Length":104,"TypeId":3},{"CategoryName":"VuGen.Replay","Offset":42590,"Length":104,"TypeId":3},{"CategoryName":"VuGen.Replay","Offset":42694,"Length":104,"TypeId":3},{"CategoryName":"VuGen.Replay","Offset":42798,"Length":104,"TypeId":3},{"CategoryName":"VuGen.Replay","Offset":42902,"Length":104,"TypeId":3},{"CategoryName":"VuGen.Replay","Offset":43006,"Length":104,"TypeId":3},{"CategoryName":"VuGen.Replay","Offset":43110,"Length":104,"TypeId":3},{"CategoryName":"VuGen.Replay","Offset":43214,"Length":104,"TypeId":3},{"CategoryName":"VuGen.Replay","Offset":43318,"Length":104,"TypeId":3},{"CategoryName":"VuGen.Replay","Offset":43422,"Length":104,"TypeId":3},{"CategoryName":"VuGen.Replay","Offset":43526,"Length":104,"TypeId":3},{"CategoryName":"VuGen.Replay","Offset":43630,"Length":89,"TypeId":3},{"CategoryName":"VuGen.Replay","Offset":43719,"Length":104,"TypeId":3},{"CategoryName":"VuGen.Replay","Offset":43823,"Length":104,"TypeId":3},{"CategoryName":"VuGen.Replay","Offset":43927,"Length":104,"TypeId":3},{"CategoryName":"VuGen.Replay","Offset":44031,"Length":104,"TypeId":3},{"CategoryName":"VuGen.Replay","Offset":44135,"Length":104,"TypeId":3},{"CategoryName":"VuGen.Replay","Offset":44239,"Length":104,"TypeId":3},{"CategoryName":"VuGen.Replay","Offset":44343,"Length":104,"TypeId":3},{"CategoryName":"VuGen.Replay","Offset":44447,"Length":104,"TypeId":3},{"CategoryName":"VuGen.Replay","Offset":44551,"Length":89,"TypeId":3},{"CategoryName":"VuGen.Replay","Offset":44640,"Length":104,"TypeId":3},{"CategoryName":"VuGen.Replay","Offset":50479,"Length":104,"TypeId":3},{"CategoryName":"VuGen.Replay","Offset":50583,"Length":104,"TypeId":3},{"CategoryName":"VuGen.Replay","Offset":50687,"Length":104,"TypeId":3},{"CategoryName":"VuGen.Replay","Offset":50791,"Length":104,"TypeId":3},{"CategoryName":"VuGen.Replay","Offset":50895,"Length":104,"TypeId":3},{"CategoryName":"VuGen.Replay","Offset":50999,"Length":104,"TypeId":3},{"CategoryName":"VuGen.Replay","Offset":51103,"Length":104,"TypeId":3},{"CategoryName":"VuGen.Replay","Offset":51207,"Length":104,"TypeId":3},{"CategoryName":"VuGen.Replay","Offset":51311,"Length":104,"TypeId":3},{"CategoryName":"VuGen.Replay","Offset":51415,"Length":104,"TypeId":3},{"CategoryName":"VuGen.Replay","Offset":51519,"Length":104,"TypeId":3},{"CategoryName":"VuGen.Replay","Offset":51623,"Length":104,"TypeId":3},{"CategoryName":"VuGen.Replay","Offset":51727,"Length":104,"TypeId":3},{"CategoryName":"VuGen.Replay","Offset":51831,"Length":104,"TypeId":3},{"CategoryName":"VuGen.Replay","Offset":51935,"Length":104,"TypeId":3},{"CategoryName":"VuGen.Replay","Offset":52039,"Length":104,"TypeId":3},{"CategoryName":"VuGen.Replay","Offset":52143,"Length":104,"TypeId":3},{"CategoryName":"VuGen.Replay","Offset":52247,"Length":104,"TypeId":3},{"CategoryName":"VuGen.Replay","Offset":52351,"Length":104,"TypeId":3},{"CategoryName":"VuGen.Replay","Offset":52455,"Length":104,"TypeId":3},{"CategoryName":"VuGen.Replay","Offset":52559,"Length":104,"TypeId":3},{"CategoryName":"VuGen.Replay","Offset":52663,"Length":104,"TypeId":3},{"CategoryName":"VuGen.Replay","Offset":52767,"Length":104,"TypeId":3},{"CategoryName":"VuGen.Replay","Offset":52871,"Length":104,"TypeId":3},{"CategoryName":"VuGen.Replay","Offset":52975,"Length":104,"TypeId":3},{"CategoryName":"VuGen.Replay","Offset":53079,"Length":104,"TypeId":3},{"CategoryName":"VuGen.Replay","Offset":53183,"Length":104,"TypeId":3},{"CategoryName":"VuGen.Replay","Offset":53287,"Length":104,"TypeId":3},{"CategoryName":"VuGen.Replay","Offset":53391,"Length":104,"TypeId":3},{"CategoryName":"VuGen.Replay","Offset":53495,"Length":104,"TypeId":3},{"CategoryName":"VuGen.Replay","Offset":53599,"Length":104,"TypeId":3},{"CategoryName":"VuGen.Replay","Offset":53703,"Length":104,"TypeId":3},{"CategoryName":"VuGen.Replay","Offset":53807,"Length":104,"TypeId":3},{"CategoryName":"VuGen.Replay","Offset":53911,"Length":104,"TypeId":3},{"CategoryName":"VuGen.Replay","Offset":54015,"Length":104,"TypeId":3},{"CategoryName":"VuGen.Replay","Offset":54119,"Length":104,"TypeId":3},{"CategoryName":"VuGen.Replay","Offset":54223,"Length":104,"TypeId":3},{"CategoryName":"VuGen.Replay","Offset":54327,"Length":104,"TypeId":3},{"CategoryName":"VuGen.Replay","Offset":54431,"Length":104,"TypeId":3},{"CategoryName":"VuGen.Replay","Offset":54535,"Length":104,"TypeId":3},{"CategoryName":"VuGen.Replay","Offset":54639,"Length":104,"TypeId":3},{"CategoryName":"VuGen.Replay","Offset":54743,"Length":104,"TypeId":3},{"CategoryName":"VuGen.Replay","Offset":54847,"Length":104,"TypeId":3},{"CategoryName":"VuGen.Replay","Offset":54951,"Length":104,"TypeId":3},{"CategoryName":"VuGen.Replay","Offset":55055,"Length":104,"TypeId":3},{"CategoryName":"VuGen.Replay","Offset":55159,"Length":104,"TypeId":3},{"CategoryName":"VuGen.Replay","Offset":55263,"Length":104,"TypeId":3},{"CategoryName":"VuGen.Replay","Offset":55367,"Length":104,"TypeId":3},{"CategoryName":"VuGen.Replay","Offset":55471,"Length":104,"TypeId":3},{"CategoryName":"VuGen.Replay","Offset":55575,"Length":104,"TypeId":3},{"CategoryName":"VuGen.Replay","Offset":55679,"Length":104,"TypeId":3},{"CategoryName":"VuGen.Replay","Offset":66086,"Length":145,"TypeId":6},{"CategoryName":"VuGen.Replay","Offset":66628,"Length":104,"TypeId":3},{"CategoryName":"VuGen.Replay","Offset":67109,"Length":104,"TypeId":3},{"CategoryName":"VuGen.Replay","Offset":67213,"Length":104,"TypeId":3},{"CategoryName":"VuGen.Replay","Offset":69400,"Length":91,"TypeId":3},{"CategoryName":"VuGen.Replay","Offset":69491,"Length":104,"TypeId":3},{"CategoryName":"VuGen.Replay","Offset":69595,"Length":104,"TypeId":3},{"CategoryName":"VuGen.Replay","Offset":70361,"Length":91,"TypeId":3},{"CategoryName":"VuGen.Replay","Offset":70452,"Length":104,"TypeId":3},{"CategoryName":"VuGen.Replay","Offset":70736,"Length":91,"TypeId":3},{"CategoryName":"VuGen.Replay","Offset":70827,"Length":104,"TypeId":3},{"CategoryName":"VuGen.Replay","Offset":71109,"Length":91,"TypeId":3},{"CategoryName":"VuGen.Replay","Offset":71200,"Length":104,"TypeId":3},{"CategoryName":"VuGen.Replay","Offset":71479,"Length":91,"TypeId":3},{"CategoryName":"VuGen.Replay","Offset":71570,"Length":104,"TypeId":3},{"CategoryName":"VuGen.Replay","Offset":71850,"Length":91,"TypeId":3},{"CategoryName":"VuGen.Replay","Offset":71941,"Length":104,"TypeId":3},{"CategoryName":"VuGen.Replay","Offset":72248,"Length":104,"TypeId":3},{"CategoryName":"VuGen.Replay","Offset":72526,"Length":104,"TypeId":3},{"CategoryName":"VuGen.Replay","Offset":72803,"Length":91,"TypeId":3},{"CategoryName":"VuGen.Replay","Offset":72894,"Length":104,"TypeId":3},{"CategoryName":"VuGen.Replay","Offset":73503,"Length":104,"TypeId":3},{"CategoryName":"VuGen.Replay","Offset":73818,"Length":66,"TypeId":4},{"CategoryName":"VuGen.Replay","Offset":73989,"Length":85,"TypeId":3},{"CategoryName":"VuGen.Replay","Offset":74074,"Length":70,"TypeId":4},{"CategoryName":"VuGen.Replay","Offset":74693,"Length":89,"TypeId":3},{"CategoryName":"VuGen.Replay","Offset":74782,"Length":104,"TypeId":3},{"CategoryName":"VuGen.Replay","Offset":74886,"Length":104,"TypeId":3},{"CategoryName":"VuGen.Replay","Offset":74990,"Length":90,"TypeId":4},{"CategoryName":"VuGen.Replay","Offset":75416,"Length":104,"TypeId":3},{"CategoryName":"VuGen.Replay","Offset":76536,"Length":108,"TypeId":3},{"CategoryName":"VuGen.Replay","Offset":76991,"Length":104,"TypeId":3},{"CategoryName":"VuGen.Replay","Offset":77302,"Length":66,"TypeId":4},{"CategoryName":"VuGen.Replay","Offset":77473,"Length":85,"TypeId":3},{"CategoryName":"VuGen.Replay","Offset":77558,"Length":71,"TypeId":4},{"CategoryName":"VuGen.Replay","Offset":77884,"Length":104,"TypeId":3},{"CategoryName":"VuGen.Replay","Offset":77988,"Length":90,"TypeId":3},{"CategoryName":"VuGen.Replay","Offset":78078,"Length":104,"TypeId":3},{"CategoryName":"VuGen.Replay","Offset":82181,"Length":104,"TypeId":3},{"CategoryName":"VuGen.Replay","Offset":82607,"Length":108,"TypeId":3},{"CategoryName":"VuGen.Replay","Offset":82715,"Length":87,"TypeId":3},{"CategoryName":"VuGen.Replay","Offset":82802,"Length":109,"TypeId":3},{"CategoryName":"VuGen.Replay","Offset":82911,"Length":104,"TypeId":3},{"CategoryName":"VuGen.Replay","Offset":83015,"Length":104,"TypeId":3},{"CategoryName":"VuGen.Replay","Offset":83119,"Length":104,"TypeId":3},{"CategoryName":"VuGen.Replay","Offset":83223,"Length":104,"TypeId":3},{"CategoryName":"VuGen.Replay","Offset":84592,"Length":168,"TypeId":6},{"CategoryName":"VuGen.Replay","Offset":85127,"Length":104,"TypeId":3},{"CategoryName":"VuGen.Replay","Offset":85231,"Length":104,"TypeId":3},{"CategoryName":"VuGen.Replay","Offset":85828,"Length":108,"TypeId":3},{"CategoryName":"VuGen.Replay","Offset":85936,"Length":104,"TypeId":3},{"CategoryName":"VuGen.Replay","Offset":86040,"Length":104,"TypeId":3},{"CategoryName":"VuGen.Replay","Offset":86144,"Length":104,"TypeId":3},{"CategoryName":"VuGen.Replay","Offset":86989,"Length":104,"TypeId":3},{"CategoryName":"VuGen.Replay","Offset":87093,"Length":104,"TypeId":3},{"CategoryName":"VuGen.Replay","Offset":87850,"Length":104,"TypeId":3},{"CategoryName":"VuGen.Replay","Offset":91020,"Length":104,"TypeId":3},{"CategoryName":"VuGen.Replay","Offset":93830,"Length":155,"TypeId":2},{"CategoryName":"VuGen.Replay","Offset":94936,"Length":104,"TypeId":3},{"CategoryName":"VuGen.Replay","Offset":95040,"Length":84,"TypeId":4},{"CategoryName":"VuGen.Replay","Offset":95720,"Length":103,"TypeId":3},{"CategoryName":"VuGen.Replay","Offset":96012,"Length":103,"TypeId":3},{"CategoryName":"VuGen.Replay","Offset":96115,"Length":104,"TypeId":3},{"CategoryName":"VuGen.Replay","Offset":96469,"Length":85,"TypeId":2},{"CategoryName":"VuGen.Replay","Offset":96660,"Length":104,"TypeId":3},{"CategoryName":"VuGen.Replay","Offset":96764,"Length":119,"TypeId":3},{"CategoryName":"VuGen.Replay","Offset":101034,"Length":119,"TypeId":3},{"CategoryName":"VuGen.Replay","Offset":101491,"Length":104,"TypeId":3},{"CategoryName":"VuGen.Replay","Offset":101595,"Length":104,"TypeId":3},{"CategoryName":"VuGen.Replay","Offset":102440,"Length":66,"TypeId":4},{"CategoryName":"VuGen.Replay","Offset":102611,"Length":85,"TypeId":3},{"CategoryName":"VuGen.Replay","Offset":102696,"Length":69,"TypeId":4},{"CategoryName":"VuGen.Replay","Offset":102826,"Length":88,"TypeId":3},{"CategoryName":"VuGen.Replay","Offset":102914,"Length":104,"TypeId":3},{"CategoryName":"VuGen.Replay","Offset":103018,"Length":104,"TypeId":3},{"CategoryName":"VuGen.Replay","Offset":103122,"Length":104,"TypeId":3},{"CategoryName":"VuGen.Replay","Offset":103226,"Length":104,"TypeId":3},{"CategoryName":"VuGen.Replay","Offset":103330,"Length":104,"TypeId":3},{"CategoryName":"VuGen.Replay","Offset":103434,"Length":104,"TypeId":3},{"CategoryName":"VuGen.Replay","Offset":103538,"Length":104,"TypeId":3},{"CategoryName":"VuGen.Replay","Offset":104835,"Length":104,"TypeId":3},{"CategoryName":"VuGen.Replay","Offset":104939,"Length":104,"TypeId":3},{"CategoryName":"VuGen.Replay","Offset":105461,"Length":104,"TypeId":3},{"CategoryName":"VuGen.Replay","Offset":105565,"Length":1640,"TypeId":6},{"CategoryName":"VuGen.Replay","Offset":107205,"Length":104,"TypeId":3},{"CategoryName":"VuGen.Replay","Offset":107309,"Length":104,"TypeId":3},{"CategoryName":"VuGen.Replay","Offset":107413,"Length":104,"TypeId":3},{"CategoryName":"VuGen.Replay","Offset":107517,"Length":104,"TypeId":3},{"CategoryName":"VuGen.Replay","Offset":108484,"Length":105,"TypeId":3},{"CategoryName":"VuGen.Replay","Offset":108589,"Length":1641,"TypeId":6},{"CategoryName":"VuGen.Replay","Offset":110230,"Length":105,"TypeId":3},{"CategoryName":"VuGen.Replay","Offset":110717,"Length":105,"TypeId":3},{"CategoryName":"VuGen.Replay","Offset":111052,"Length":105,"TypeId":3},{"CategoryName":"VuGen.Replay","Offset":111394,"Length":105,"TypeId":3},{"CategoryName":"VuGen.Replay","Offset":111653,"Length":146,"TypeId":2},{"CategoryName":"VuGen.Replay","Offset":112672,"Length":85,"TypeId":2},{"CategoryName":"VuGen.Replay","Offset":112983,"Length":104,"TypeId":3},{"CategoryName":"VuGen.Replay","Offset":113087,"Length":105,"TypeId":3},{"CategoryName":"VuGen.Replay","Offset":113192,"Length":325,"TypeId":6},{"CategoryName":"VuGen.Replay","Offset":113636,"Length":143,"TypeId":2},{"CategoryName":"VuGen.Replay","Offset":113779,"Length":82,"TypeId":2},{"CategoryName":"VuGen.Replay","Offset":116130,"Length":67,"TypeId":4},{"CategoryName":"VuGen.Replay","Offset":116303,"Length":86,"TypeId":3},{"CategoryName":"VuGen.Replay","Offset":116389,"Length":70,"TypeId":4},{"CategoryName":"VuGen.Replay","Offset":116548,"Length":121,"TypeId":6},{"CategoryName":"VuGen.Replay","Offset":117263,"Length":105,"TypeId":3},{"CategoryName":"VuGen.Replay","Offset":117368,"Length":88,"TypeId":3},{"CategoryName":"VuGen.Replay","Offset":117456,"Length":89,"TypeId":3},{"CategoryName":"VuGen.Replay","Offset":117545,"Length":87,"TypeId":5},{"CategoryName":"VuGen.Replay","Offset":117632,"Length":82,"TypeId":3},{"CategoryName":"VuGen.Replay","Offset":117714,"Length":90,"TypeId":3},{"CategoryName":"VuGen.Replay","Offset":117804,"Length":85,"TypeId":6},{"CategoryName":"VuGen.Replay","Offset":117889,"Length":68,"TypeId":4},{"CategoryName":"VuGen.Replay","Offset":117957,"Length":61,"TypeId":4},{"CategoryName":"VuGen.Replay","Offset":118018,"Length":73,"TypeId":4},{"CategoryName":"VuGen.Replay","Offset":118091,"Length":61,"TypeId":4},{"CategoryName":"VuGen.Replay","Offset":118152,"Length":66,"TypeId":4},{"CategoryName":"VuGen.Replay","Offset":118218,"Length":61,"TypeId":4},{"CategoryName":"VuGen.Replay","Offset":118279,"Length":64,"TypeId":4},{"CategoryName":"VuGen.Replay","Offset":118343,"Length":82,"TypeId":4},{"CategoryName":"VuGen.Replay","Offset":118425,"Length":71,"TypeId":4},{"CategoryName":"VuGen.Replay","Offset":118496,"Length":68,"TypeId":4},{"CategoryName":"VuGen.Replay","Offset":118564,"Length":82,"TypeId":4},{"CategoryName":"VuGen.Replay","Offset":118646,"Length":65,"TypeId":4},{"CategoryName":"VuGen.Replay","Offset":118711,"Length":84,"TypeId":4},{"CategoryName":"VuGen.Replay","Offset":118795,"Length":65,"TypeId":4},{"CategoryName":"VuGen.Replay","Offset":119516,"Length":105,"TypeId":3},{"CategoryName":"VuGen.Replay","Offset":119864,"Length":105,"TypeId":3},{"CategoryName":"VuGen.Replay","Offset":120125,"Length":141,"TypeId":2},{"CategoryName":"VuGen.Replay","Offset":120314,"Length":76,"TypeId":2},{"CategoryName":"VuGen.Replay","Offset":120467,"Length":109,"TypeId":6},{"CategoryName":"VuGen.Replay","Offset":121252,"Length":104,"TypeId":3},{"CategoryName":"VuGen.Replay","Offset":124597,"Length":135,"TypeId":2},{"CategoryName":"VuGen.Replay","Offset":124755,"Length":21,"TypeId":1}],"MetadataTypes":[{"CategoryName":"VuGen.Replay","MetadataTypeName":"HP.LR.Vugen.Iteration","Id":1},{"CategoryName":"VuGen.Replay","MetadataTypeName":"HP.LR.Vugen.NotifyTransaction","Id":2},{"CategoryName":"VuGen.Replay","MetadataTypeName":"HP.LR.Vugen.NotifyParameterSubstitution","Id":3},{"CategoryName":"VuGen.Replay","MetadataTypeName":"HP.LR.Vugen.NotifySavingParameter","Id":4},{"CategoryName":"VuGen.Replay","MetadataTypeName":"HP.LR.Vugen.NotifyAny","Id":5},{"CategoryName":"VuGen.Replay","MetadataTypeName":"Utt.Debugger.Warning","Id":6},{"CategoryName":"VuGen.Replay","MetadataTypeName":"Utt.Debugger.Error","Id":7}]}