<?xml version="1.0" encoding="utf-8"?>
<VugenScriptMetadata>
  <ScriptName>dso_findProductSearch10</ScriptName>
  <Protocol>Web - HTTP/HTML</Protocol>
  <ActionFiles>
    <FileEntry Name="vuser_init.c" Filter="2" />
    <FileEntry Name="Login.c" Filter="2" />
    <FileEntry Name="Action.c" Filter="2" />
    <FileEntry Name="Logout.c" Filter="2" />
    <FileEntry Name="vuser_end.c" Filter="2" />
  </ActionFiles>
  <GeneralFiles>
    <FileEntry Name="dso_findProductSearch10.usr" Filter="4" />
    <FileEntry Name="default.cfg" Filter="4" />
    <FileEntry Name="default.usp" Filter="4" />
    <FileEntry Name="dso_findProductSearch.prm" Filter="2" />
    <FileEntry Name="globals.h" Filter="2" />
    <FileEntry Name="pRefer.dat" Filter="2" />
    <FileEntry Name="pHostName.dat" Filter="2" />
    <FileEntry Name="pRsurl.dat" Filter="2" />
    <FileEntry Name="pSearchName.dat" Filter="2" />
    <FileEntry Name="pOrigin.dat" Filter="2" />
    <FileEntry Name="pUrl.dat" Filter="2" />
    <FileEntry Name="pPassword.dat" Filter="2" />
    <FileEntry Name="pSearchUrl.dat" Filter="2" />
    <FileEntry Name="pUrlrefer.dat" Filter="2" />
    <FileEntry Name="pUserName.dat" Filter="2" />
    <FileEntry Name="securityCode.dat" Filter="2" />
    <FileEntry Name="Bookmarks.xml" Filter="1" />
    <FileEntry Name="Breakpoints.xml" Filter="1" />
    <FileEntry Name="CompilerLogMetadata.xml" Filter="1" />
    <FileEntry Name="dso_findProductSearch.prm.bak" Filter="1" />
    <FileEntry Name="logfile.log" Filter="1" />
    <FileEntry Name="mdrv.log" Filter="1" />
    <FileEntry Name="mdrv48k.141.log" Filter="1" />
    <FileEntry Name="mdrvbUa.293.log" Filter="1" />
    <FileEntry Name="mdrvHQD.285.log" Filter="1" />
    <FileEntry Name="mdrv_cmd.txt" Filter="1" />
    <FileEntry Name="options.txt" Filter="1" />
    <FileEntry Name="output.bak" Filter="1" />
    <FileEntry Name="output.txt" Filter="1" />
    <FileEntry Name="OutputColoringDatabase.json" Filter="1" />
    <FileEntry Name="ReplaySummaryReport.xml" Filter="1" />
    <FileEntry Name="ScriptUploadMetadata.xml" Filter="1" />
    <FileEntry Name="UserTasks.xml" Filter="1" />
    <FileEntry Name="data\" Filter="1" />
    <FileEntry Name="result1\" Filter="1" />
    <FileEntry Name="Session1\" Filter="1" />
  </GeneralFiles>
</VugenScriptMetadata>