[
    {
        "actionName": "Login",
        "steps": [
            {
                "stepId": "STEP1",
                "stepName": "Url: plmtest.pg.com",
                "infFile": "t1.inf",
                "time": 1554895177448
            },
            {
                "stepId": "STEP2",
                "stepName": "Url: en",
                "infFile": "t2.inf",
                "time": 1554895178110
            },
            {
                "stepId": "STEP3",
                "stepName": "Submit Data: login",
                "infFile": "t3.inf",
                "time": 1554895180919
            },
            {
                "stepId": "STEP4",
                "stepName": "Url: emxSecurityContextSelection.jsp",
                "infFile": "t5.inf",
                "time": 1554895185790
            },
            {
                "stepId": "STEP5",
                "stepName": "Submit Data: emxSecurityContextSelectionProcess.jsp",
                "infFile": "t6.inf",
                "time": 1554895186582
            },
            {
                "stepId": "STEP6",
                "stepName": "Url: emxNavigator.jsp",
                "infFile": "t7.inf",
                "time": 1554895197233
            },
            {
                "stepId": "STEP7",
                "stepName": "Custom Request: emxClientSideInfoProcessing.jsp",
                "infFile": "t8.inf",
                "time": 1554895202968
            },
            {
                "stepId": "STEP8",
                "stepName": "Url: TopBarView.html",
                "infFile": "t9.inf",
                "time": 1554895209885
            },
            {
                "stepId": "STEP9",
                "stepName": "Url: ief.jsp",
                "infFile": "t10.inf",
                "time": 1554895231862
            },
            {
                "stepId": "STEP10",
                "stepName": "Url: profileImage",
                "infFile": "t11.inf",
                "time": 1554895232276
            },
            {
                "stepId": "STEP11",
                "stepName": "Url: emxNavigatorContentLoad.jsp",
                "infFile": "t12.inf",
                "time": 1554895233271
            },
            {
                "stepId": "STEP12",
                "stepName": "Url: appName",
                "infFile": "t13.inf",
                "time": 1554895234088
            },
            {
                "stepId": "STEP13",
                "stepName": "Url: AEFShareMenu",
                "infFile": "t14.inf",
                "time": 1554895234505
            },
            {
                "stepId": "STEP14",
                "stepName": "Url: AEFPersonMenu",
                "infFile": "t15.inf",
                "time": 1554895234911
            },
            {
                "stepId": "STEP15",
                "stepName": "Url: AEFMyHome",
                "infFile": "t16.inf",
                "time": 1554895235329
            },
            {
                "stepId": "STEP16",
                "stepName": "Url: collabSpace",
                "infFile": "t17.inf",
                "time": 1554895235719
            },
            {
                "stepId": "STEP17",
                "stepName": "Url: AEFHelpMenu",
                "infFile": "t18.inf",
                "time": 1554895236160
            },
            {
                "stepId": "STEP18",
                "stepName": "Url: services",
                "infFile": "t19.inf",
                "time": 1554895236703
            },
            {
                "stepId": "STEP19",
                "stepName": "Url: services_2",
                "infFile": "t20.inf",
                "time": 1554895237189
            },
            {
                "stepId": "STEP20",
                "stepName": "Url: Actions",
                "infFile": "t21.inf",
                "time": 1554895238264
            },
            {
                "stepId": "STEP21",
                "stepName": "Url: SearchView.html",
                "infFile": "t22.inf",
                "time": 1554895239126
            },
            {
                "stepId": "STEP22",
                "stepName": "Url: proxyticket",
                "infFile": "t23.inf",
                "time": 1554895239958
            },
            {
                "stepId": "STEP23",
                "stepName": "Url: services_3",
                "infFile": "t24.inf",
                "time": 1554895240475
            },
            {
                "stepId": "STEP24",
                "stepName": "Custom Request: fields",
                "infFile": "t25.inf",
                "time": 1554895241871
            },
            {
                "stepId": "STEP25",
                "stepName": "Url: services_4",
                "infFile": "t26.inf",
                "time": 1554895242357
            },
            {
                "stepId": "STEP26",
                "stepName": "Url: emxPortal.jsp",
                "infFile": "t27.inf",
                "time": 1554895244426
            },
            {
                "stepId": "STEP27",
                "stepName": "Url: services_5",
                "infFile": "t28.inf",
                "time": 1554895244994
            },
            {
                "stepId": "STEP28",
                "stepName": "Url: getcastgc",
                "infFile": "t29.inf",
                "time": 1554895250098
            },
            {
                "stepId": "STEP29",
                "stepName": "Url: services_6",
                "infFile": "t30.inf",
                "time": 1554895257504
            },
            {
                "stepId": "STEP30",
                "stepName": "Custom Request: fields_2",
                "infFile": "t31.inf",
                "time": 1554895260359
            },
            {
                "stepId": "STEP31",
                "stepName": "Url: services_7",
                "infFile": "t32.inf",
                "time": 1554895263896
            },
            {
                "stepId": "STEP32",
                "stepName": "Url: services_8",
                "infFile": "t33.inf",
                "time": 1554895265267
            },
            {
                "stepId": "STEP33",
                "stepName": "Url: emxPortalDisplay.jsp",
                "infFile": "t34.inf",
                "time": 1554895269443
            },
            {
                "stepId": "STEP34",
                "stepName": "Url: services_9",
                "infFile": "t35.inf",
                "time": 1554895272627
            },
            {
                "stepId": "STEP35",
                "stepName": "Url: pgDigitalInnovationPLMSystem.jsp",
                "infFile": "t36.inf",
                "time": 1554895275025
            },
            {
                "stepId": "STEP36",
                "stepName": "Custom Request: login_3",
                "infFile": "t37.inf",
                "time": 1554895277767
            },
            {
                "stepId": "STEP37",
                "stepName": "Url: login_4",
                "infFile": "t38.inf",
                "time": 1554895278202
            },
            {
                "stepId": "STEP38",
                "stepName": "Custom Request: login_5",
                "infFile": "t39.inf",
                "time": 1554895279049
            },
            {
                "stepId": "STEP39",
                "stepName": "Custom Request: login_6",
                "infFile": "t40.inf",
                "time": 1554895279770
            }
        ],
        "transactions": [
            {
                "transactionName": "dso_findProductSearch01_NegvtIE",
                "rawStartTime": 1554895168553,
                "rawEndTime": 1554895178111,
                "thinkTime": 0.0,
                "wastedTime": 0.3990485668182373
            },
            {
                "transactionName": "dso_findProductSearch02_login",
                "rawStartTime": 1554895179114,
                "rawEndTime": 1554895180920,
                "thinkTime": 0.0,
                "wastedTime": 0.009777069091796875
            },
            {
                "transactionName": "dso_findProductSearch03_SelectRoleAndLoadHomePage",
                "rawStartTime": 1554895180921,
                "rawEndTime": 1554895275908,
                "thinkTime": 0.0,
                "wastedTime": 1.3903021812438965
            }
        ]
    },
    {
        "actionName": "Action",
        "steps": [
            {
                "stepId": "STEP40",
                "stepName": "Submit Data: emxCPNFindProductDataByAutonomySearch.jsp",
                "infFile": "t41.inf",
                "time": 1554895283640
            },
            {
                "stepId": "STEP41",
                "stepName": "Custom Request: emxFullSearchGetData.jsp",
                "infFile": "t42.inf",
                "time": 1554895284809
            },
            {
                "stepId": "STEP42",
                "stepName": "Url: self",
                "infFile": "t43.inf",
                "time": 1554895286987
            },
            {
                "stepId": "STEP43",
                "stepName": "Url: dimensions",
                "infFile": "t44.inf",
                "time": 1554895288017
            },
            {
                "stepId": "STEP44",
                "stepName": "Custom Request: Predicates",
                "infFile": "t47.inf",
                "time": 1554895290911
            },
            {
                "stepId": "STEP45",
                "stepName": "Custom Request: Predicates_2",
                "infFile": "t48.inf",
                "time": 1554895293233
            },
            {
                "stepId": "STEP46",
                "stepName": "Custom Request: ElementsNLSNames",
                "infFile": "t49.inf",
                "time": 1554895293645
            },
            {
                "stepId": "STEP47",
                "stepName": "Custom Request: search",
                "infFile": "t50.inf",
                "time": 1554895295150
            },
            {
                "stepId": "STEP48",
                "stepName": "Custom Request: search_3",
                "infFile": "t51.inf",
                "time": 1554895298984
            },
            {
                "stepId": "STEP49",
                "stepName": "Custom Request: search_7",
                "infFile": "t66.inf",
                "time": 1554895312296
            },
            {
                "stepId": "STEP50",
                "stepName": "Custom Request: ElementsNLSNames_2",
                "infFile": "t67.inf",
                "time": 1554895316644
            },
            {
                "stepId": "STEP51",
                "stepName": "Custom Request: ElementsNLSNames_3",
                "infFile": "t68.inf",
                "time": 1554895317728
            }
        ],
        "transactions": [
            {
                "transactionName": "dso_findProductSearch03loadsearchscreen",
                "rawStartTime": 1554895281787,
                "rawEndTime": 1554895293646,
                "thinkTime": 0.0,
                "wastedTime": 0.1689469814300537
            },
            {
                "transactionName": "dso_findProductSearch04SecurityFilter",
                "rawStartTime": 1554895295151,
                "rawEndTime": 1554895299985,
                "thinkTime": 0.0,
                "wastedTime": 0.013492584228515625
            },
            {
                "transactionName": "dso_findProductSearch05applySearch",
                "rawStartTime": 1554895300385,
                "rawEndTime": 1554895317803,
                "thinkTime": 0.0,
                "wastedTime": 0.10564231872558594
            }
        ]
    },
    {
        "actionName": "Logout",
        "steps": [
            {
                "stepId": "STEP52",
                "stepName": "Url: emxPreLogout.jsp",
                "infFile": "t69.inf",
                "time": 1554895320315
            },
            {
                "stepId": "STEP53",
                "stepName": "Url: emxLogout.jsp",
                "infFile": "t70.inf",
                "time": 1554895321273
            },
            {
                "stepId": "STEP54",
                "stepName": "Url: logout",
                "infFile": "t71.inf",
                "time": 1554895323628
            }
        ],
        "transactions": [
            {
                "transactionName": "dso_findProductSearch06_logout",
                "rawStartTime": 1554895318602,
                "rawEndTime": 1554895323843,
                "thinkTime": 0.0,
                "wastedTime": 0.03394746780395508
            }
        ]
    }
]