[{"slideinWidth":null,"label":"My Profile","targetLocation":"popup","type":"command","url":"../components/emxComponentsEditContextUserProfile.jsp?suiteKey=Components&StringResourceFileId=emxComponentsStringResource&SuiteDirectory=components&widgetId=null&targetLocation=popup","isPopupModal":true},{"slideinWidth":null,"label":"My Credentials","type":"command","url":"javascript:changeSecurityContextDialog()","isPopupModal":true},{"slideinWidth":null,"label":"Messages","targetLocation":"popup","type":"command","url":"emxCompInboxDialogFS.jsp?mx.page.filter=unread&suiteKey=Framework&StringResourceFileId=emxFrameworkStringResource&SuiteDirectory=common&widgetId=null&targetLocation=popup","isPopupModal":true},{"slideinWidth":null,"label":"ENOVIA Preferences","targetLocation":"popup","type":"command","url":"../common/emxPreferences.jsp?suiteKey=Framework&StringResourceFileId=emxFrameworkStringResource&SuiteDirectory=common&widgetId=null&targetLocation=popup","isPopupModal":true},{"slideinWidth":null,"label":"Refresh My Licenses","targetLocation":"hiddenFrame","type":"command","url":"../common/emxLicenseRefresh.jsp?suiteKey=Framework&StringResourceFileId=emxFrameworkStringResource&SuiteDirectory=common&widgetId=null&targetLocation=hiddenFrame","isPopupModal":false},{"slideinWidth":null,"label":"Sign Out","type":"command","url":"javascript:do3DSpaceLogout()","isPopupModal":false}]