[{"slideinWidth":null,"label":"Home","targetLocation":"content","type":"command","url":"emxNavigatorContentLoad.jsp?suiteKey=Framework&StringResourceFileId=emxFrameworkStringResource&SuiteDirectory=common&widgetId=null&targetLocation=content","isPopupModal":false},{"slideinWidth":null,"label":"Manage","targetLocation":"_blank","type":"command","url":"https://plmsit-3dd.pg.com/3ddashboard/#app:X3DCSCR_AP/content:collab-storage=OnPremise&targetLocation=_blank","isPopupModal":false},{"label":"Internal_PG","type":"command","url":"javascript:changeSecurityContextDialog('Internal_PG')"}]