[{"slideinWidth":null,"label":"Get Started","type":"command","url":"javascript:emxUINavigator.loadCoachmark(true)","isPopupModal":false},{"slideinWidth":null,"label":"Help","type":"command","url":"javascript:openHelpPage()","isPopupModal":false},{"slideinWidth":null,"label":"About 3DEXPERIENCE Platform","type":"command","url":"javascript:showAndGetNonModalDialog(\"../common/emx3DExperiencePlatformAbout.jsp?suiteKey=Framework&StringResourceFileId=emxFrameworkStringResource&SuiteDirectory=common\",\"530\",\"325\",true)","isPopupModal":true},{"submenu":[{"submenu":[{"slideinWidth":null,"label":"Find Product Data...","targetLocation":"hiddenFrame","type":"command","url":"../cpn/emxCPNFindProductDataByAutonomySearch.jsp?table=pgProductDataSearchTable&Style=dialog&listMode=search&multiColumnSort=true&sortColumnName=Name%2CRevision&parameter=ProductData&toolBar=CPNFullSearchToolbar&suiteKey=eServiceSuiteCPN&HelpMarker=emxhelpsearchingproductdata&selection=multiple&genericDelete=true&fromFPDSearch2=true&suiteKey=CPN&StringResourceFileId=emxCPNStringResource&SuiteDirectory=cpn&widgetId=null&targetLocation=hiddenFrame","isPopupModal":false},{"slideinWidth":null,"label":"Additional Find Product Data...","targetLocation":"popup","type":"command","url":"../common/pgFullSearch.jsp?freezePane=Name%2CnewWindow&table=pgProductDataSearchTable&program=pgSearchFrameworkUtil%3Asearch&form=pgFindProductDataSearchReport&addCustomTableColumns=true&selection=multiple&toolbar=pgSearchFPDReportToolBar&suiteKey=CPN&StringResourceFileId=emxCPNStringResource&SuiteDirectory=cpn&widgetId=null&targetLocation=popup","isPopupModal":false},{"slideinWidth":null,"label":"Find Standard Parts","targetLocation":"popup","type":"command","url":"../common/emxFullSearch.jsp?showInitialResults=false&table=CPXSearchResults&formInclusionList=SEPName%2CVendor%2CSEPreference%2CMEPName%2CManufacturer%2CMEPreference%2CPOLICYCURRENT%2CPOLICY_TAG&fieldLabels=Vendor%3AemxFramework.FullTextSearch.Supplier%2CManufacturer%3AemxFramework.FullTextSearch.Manufacturer%2CSEPreference%3AemxFramework.FullTextSearch.SEPPreference%2CMEPreference%3AemxFramework.FullTextSearch.MEPPreference%2CSEPName%3AemxFramework.FullTextSearch.SEPName%2CMEPName%3AemxFramework.FullTextSearch.MEPName&field=TYPES%3Dtype_Part%3APOLICY%3Dpolicy_StandardPart&toolbar=CPCStandardPartsGlobalSearchToolbar&selection=multiple&hideHeader=true&HelpMarker=emxhelpsearchpart&selection=multiple&suiteKey=ComponentCentral&StringResourceFileId=emxComponentCentralStringResource&SuiteDirectory=componentcentral&widgetId=null&targetLocation=popup","isPopupModal":true},{"slideinWidth":null,"label":"Supplier Equivalents","targetLocation":"popup","type":"command","url":"../common/emxFullSearch.jsp?field=TYPES%3Dtype_pgPackingMaterial%2Ctype_RawMaterial%2Ctype_pgFinishedProduct%2Ctype_pgPackingSubassembly%2Ctype_pgFormulatedProduct%2Ctype_ProductDataPart%3APOLICY%3Dpolicy_SupplierEquivalent&table=CPCSEPPartsGlobalSearchResults&formInclusionList=REVISION_TAG%2CPOLICYCURRENT%2CPOLICY_TAG%2CORIGINATOR&selection=multiple&toolbar=CPCSEPPartsGlobalSearchToolbar&HelpMarker=emxhelpsearchsep&genericDelete=true&suiteKey=ComponentCentral&StringResourceFileId=emxComponentCentralStringResource&SuiteDirectory=componentcentral&widgetId=null&targetLocation=popup","isPopupModal":true},{"slideinWidth":null,"label":"Manufacturer Equivalents","targetLocation":"popup","type":"command","url":"../common/emxFullSearch.jsp?field=TYPES%3Dtype_pgPackingMaterial%2Ctype_RawMaterial%2Ctype_pgFinishedProduct%2Ctype_pgPackingSubassembly%2Ctype_pgFormulatedProduct%2Ctype_ProductDataPart%3APOLICY%3Dpolicy_ManufacturerEquivalent&table=MEPManufacturerEquivalentsPartSB&selection=multiple&toolbar=CPCSEPPartsGlobalSearchToolbar&HelpMarker=emxhelpsearchmep&genericDelete=true&formInclusionList=REVISION_TAG%2CPACKAGING_MATERIAL_TYPE%2CPOLICYCURRENT%2CPOLICY_TAG%2CORIGINATOR&suiteKey=ComponentCentral&StringResourceFileId=emxComponentCentralStringResource&SuiteDirectory=componentcentral&widgetId=null&targetLocation=popup","isPopupModal":true}],"slideinWidth":null,"label":"Product Specifications","type":"menu","url":null,"isPopupModal":false},{"submenu":[{"slideinWidth":null,"label":"Processes","targetLocation":"popup","type":"command","url":"../common/emxSearch.jsp?defaultSearch=SMASimulation_SearchGlobal&suiteKey=SimulationCentral&StringResourceFileId=smaSimulationCentralStringResource&SuiteDirectory=simulationcentral&widgetId=null&targetLocation=popup","isPopupModal":false},{"slideinWidth":null,"label":"Activities","targetLocation":"popup","type":"command","url":"../common/emxSearch.jsp?defaultSearch=SMAActivity_SearchGlobal&suiteKey=SimulationCentral&StringResourceFileId=smaSimulationCentralStringResource&SuiteDirectory=simulationcentral&widgetId=null&targetLocation=popup","isPopupModal":false},{"slideinWidth":null,"label":"Templates","targetLocation":"popup","type":"command","url":"../common/emxSearch.jsp?defaultSearch=SMATemplate_SearchGlobal&suiteKey=SimulationCentral&StringResourceFileId=smaSimulationCentralStringResource&SuiteDirectory=simulationcentral&widgetId=null&targetLocation=popup","isPopupModal":false},{"slideinWidth":null,"label":"Documents","targetLocation":"popup","type":"command","url":"../common/emxSearch.jsp?defaultSearch=SMASimDocuments_SearchGlobal&suiteKey=SimulationCentral&StringResourceFileId=smaSimulationCentralStringResource&SuiteDirectory=simulationcentral&widgetId=null&targetLocation=popup","isPopupModal":false}],"slideinWidth":null,"label":"V+R Search","type":"menu","url":null,"isPopupModal":false},{"slideinWidth":null,"label":"Extended Metadata Search...","targetLocation":"popup","type":"command","url":"../common/pgFullSearch.jsp?table=pgIPSecurityExtendedMetaDataDetailTable&program=pgSearchFrameworkUtil%3AsearchExtendedMetaData&form=pgIPSecurityExtendedMetaDataForm&suiteKey=Framework&StringResourceFileId=emxFrameworkStringResource&SuiteDirectory=common&widgetId=null&targetLocation=popup","isPopupModal":false},{"submenu":[{"slideinWidth":null,"label":"Picklist Values","targetLocation":"content","type":"command","url":"../common/emxPortal.jsp?portal=pgPLPicklistValuesSearch&header=emxPL.Command.pgPLPicklistValues&showPageHeader=false&suiteKey=PL&StringResourceFileId=PLStringResource&SuiteDirectory=pl&widgetId=null&targetLocation=content","isPopupModal":false},{"slideinWidth":null,"label":"Subset List","targetLocation":"content","type":"command","url":"../common/emxPortal.jsp?portal=pgPLSubsetlistValues&header=emxPL.Label.SubsetList&showPageHeader=false&suiteKey=PL&StringResourceFileId=PLStringResource&SuiteDirectory=pl&widgetId=null&targetLocation=content","isPopupModal":false},{"slideinWidth":null,"label":"Find Security Contexts Of a Person","targetLocation":"popup","type":"command","url":"../common/emxIndentedTable.jsp?program=pgSecurityContextSearchUtil%3AgetSecurityContextsOfPerson&table=pgSecurityContextList&sortColumnName=Name&sortDirection=ascending&toolbar=pgPersonFilterToolbar&header=emxFramework.Common.SecurityContextPageHeading&suiteKey=Framework&StringResourceFileId=emxFrameworkStringResource&SuiteDirectory=common&widgetId=null&targetLocation=popup&popupSize=MediumTall","isPopupModal":true},{"slideinWidth":null,"label":"Find Security Contexts By Company","targetLocation":"popup","type":"command","url":"../common/emxIndentedTable.jsp?program=pgSecurityContextSearchUtil%3AgetSecurityContextsByCompany&table=pgSecurityContextList&sortColumnName=Name&sortDirection=ascending&toolbar=pgCompanyFilterToolbar&header=emxFramework.Common.SecurityContextPageHeading&suiteKey=Framework&StringResourceFileId=emxFrameworkStringResource&SuiteDirectory=common&widgetId=null&targetLocation=popup&popupSize=MediumTall","isPopupModal":true}],"slideinWidth":null,"label":"PickList Search","type":"menu","url":null,"isPopupModal":false},{"slideinWidth":null,"label":"Find Innovation Records","targetLocation":"popup","type":"command","url":"../common/emxFullSearch.jsp?field=TYPES%3Dtype_pgDevelopmentTesting%2Ctype_pgPKGDevelopment%2Ctype_pgPKGDIPlatform%2Ctype_pgPKGProductReadiness%2Ctype_pgPKGStability%2Ctype_pgPKGValidation%3APolicy%3Dpolicy_pgPKGSignatureReferenceDoc%3ACURRENT%21%3Dpolicy_pgPKGSignatureReferenceDoc.state_Obsolete%3APolicy%21%3Dpolicy_Version&showInitialResults=false&table=AEFGeneralSearchResults&freezePane=Name&HelpMarker=emxhelpfullsearch&switchedNavMode=false&viewFormBased=true&formInclusionList=POLICYCURRENT%2CPOLICY_TAG%2CORIGINATOR&suiteKey=Components&StringResourceFileId=emxComponentsStringResource&SuiteDirectory=components&widgetId=null&targetLocation=popup","isPopupModal":true}],"slideinWidth":null,"label":"Search","type":"menu","url":null,"isPopupModal":false}]