{"local":null,"version":null,"entries":{"account.delete.message.p4":"You can optionally archive the email so it cannot be reused either by checking the checkbox below.","account.delete.message.p3":"Please note that the username will be archived to prevent reuse by existing or newly created accounts. This is required to ensure data integrity in the platform and future auditability of the account of the removed account.","notif.scheduledTask.creation.ko":"Creation failed! Data fill are incorrect.","aff.view.title":"Anti Fraud Filter - {0}","password.policy.allowReuse.label":"Allow password reuse","password.update.toosimilar":"Previous and new passwords are too similar","account.delete.message.p2":"This user account will be deleted in local database repository (sqlDB) and in any external repositories (LDAP) on which the \"delete\" operation has been authorized.","security.decryption.error":"An error occurred while decrypting the password","account.delete.message.p1":"Are you sure you want to delete this user account (username={0})?","severity.fatal.tooltip":"Includes FATAL level","field.country_billing.label":"Billing Country","account.delete.ok":"The user has been successfully deleted.","admin.users.reset.pwd.select.password":"Choose a new password for the user","country.UZB":"Uzbekistan","field.scheduledTask.bean3.label":"Bean 3","country.BTN":"Bhutan","title.passwordFormat.header":"Password format","title.fraudDetection.header":"Available Filters","country.SVN":"Slovenia","2fa.activated.description.4":"Please note that theses actions require you to have access to your mobile application with your TOTP credentials.","2fa.current.code.wrong":"The code you entered is wrong. Please check the time of your device and/or flash the QR code again.","lockout.number.consecutive.failures.label":"Number of authorized consecutive failures","password.level.medium":"Medium","country.SVK":"Slovakia","2fa.activated.description.1":"You have enabled 2-Factor Authentication.","2fa.activated.description.2":"If you want to disable 2-Factor Authentication click on \"Deactivate\".","2fa.activated.description.3":"If you want to use a new device for 2-Factor Authentication click on \"Transfer\".","remoteLogInProfile.profile.title":"Remote Log In","field.cellphone.label":"Cellphone","security.encryption.error":"An error occurred while encrypting the password","commons.label.user.identifieralt":"User identifier alt","builder.creation.error":"The builder could not be created","field.student_educationlevel.label":"Education Level","saml.idp.telephone.label":"Telephone","label.taskType.TicketCleaner":"Ticket Cleaner","country.SUR":"Suriname","country.OMN":"Oman","account.field.deleted.label":"[deleted and archived]","ks.pk.added.ko":"An error occurred while adding the PKCS12","country.KEN":"Kenya","repository.addnewrepository.panel.title":"Add new repository","aff.notification.deleteok":"The filter has successfully been deleted.","filter.ip.label":"IP","2fa.unforced.successful":"2-Factor Authentication is not mandatory anymore on the platform","dpp.pp.url.label":"Privacy Policy URL","dpp.allow.label":"Enable the Privacy Policy","idp.box":"Box","notif.scheduledTask.remove.ok":"Task is well removed.","config.old.repos.fetch.error":"Error while fetching deleted repositories","confirmation.scheduledTask.delete":"Are you sure you want to delete this item?","field.password.tooltip":"Password must respect the following policies:{1}- It must contain only alphabetic or numeric characters{2}- It must be at least 8-characters long{3}- It must contains at least 1 uppercase char., and 1 numeric char.{4}- It must not contain the login.","users.language.label":"Language","batchservices.generate.secret.label":"Generate new service secret","field.headers.label":"Extra HTTP headers","country.ZAF":"South Africa","country.BRN":"Brunei Darussalam","commons.action.save":"Save","country.MHL":"Marshall Islands","field.logs.tags.label":"Type","message.numberLogs.titleSingular":"Logs - {0} Filtered result","country.ZAR":"Zaire","message.session2device.update.ok":"The binding between the session and the device has been successully updated.","2fa.action.transfer":"Transfer","all.security.questions.answers.mandatory":"Please give an answer to all the questions","2fa.disallowed.successful":"2-Factor Authentication is not allowed anymore on the platform","repository.dao.urls.placeholder":"ldap://ldap.example.com:389 or ldaps://ldap.example.com:636","country.STP":"Sao Tome and Principe","filter.add.tooltip":"Add new filter","idvalidation.bad.event":"Such events are not treated","field.student_educationlevel.desc.2.label":"Undergraduate","saml.entityBaseURL.label":"Entity Base URL","admin-tools.user.label":"User","userservice.async.executor.methodName.label":"Method name pattern","repository.dao.baseDN.placeholder":"DC=example,DC=com","field.student_discipline.desc.3.label":"Life Sciences","field.company.label":"Full Company Name (No acronyms)","scheduledtask.p.emptytable":"There is not scheduled task.","saml.ssobinding_SSO_ARTIFACT.label":"SSO Artifact","field.email.label":"Email","field.advancedconf.label":"Advanced Configuration","severity.info.tooltip":"Includes FATAL, ERROR, WARN, IMPORTANT and INFO levels","password.policy.minimumUpperCase.label":"Minimum number of uppercase letters","aff.browser.label":"Browser","admin-tools.home.social.title":"Social Login","field.student_discipline.label":"Discipline/Major","country.BRB":"Barbados","country.BRA":"Brazil","repository.dao.attributesMapper.employeeType.placeholder":"admin","account.delete.ko":"An error occurred while deleting the user.","users.empty.info":"User is not found in any repository.","field.user_category.desc.6.label":"University / Research","adminusers.email.label":"Choose the administrator to reset","filter.device.label":"Device","country.SRB":"Serbia","repository.sessionFactory.dataSource.username.label":"Username of the database user","email.validation.ok":"Your email address has been successfully verified.","country.MEX":"Mexico","userservice.async.executor.disableAsync.label":"Disable Aysnchronous execution","newEntryType.certificate":"X.509 Certificate","fraud.message.allowTmp.ok":"You successfully allowed this location.","password.policy.specialCharactersAllowed.label":"Special characters allowed","field.hint.username":"Username must respect the following policies:{0}- It must contain only alphabetic or numeric characters. No accentuated or special character allowed.{1}- It must be at least 4-characters long","country.KAZ":"Kazakhstan","notif.scheduledTask.creation.ok":"Task is well created or updated.","field.gender.desc.0.label":"Mr.","aff.hasIpConf.label":"IP configuration?","repository.dao.baseenvtprops.com.sun.jndi.ldap.connect.timeout.placeholder":"3000","2FA.disabled":"The two factor authentification option is disabled in your passport configuration.","password.update.error.notAllowed":"User not allowed to access","logs.tooltip.eye":"Show logs associated to the request","email.validation.disabled":"The email validation feature is not available.","password.policy.special.characters.not.special.error":"You cannot add non-accented alphanumeric character to the list of special characters","profile.update.success":"Update successful","repo.operations.section.label":"Operations Configuration","commons.password.forgot":"","field.user_3dsplm_companysize.label":"Company size","saml.idps.title":"SAML Identity Provider","commons.logout":"Log out","admin-tools.lockout.settings.title":"Lockout settings","users.firstName.label":"Firstname","config.forceLowerCase.on":"Users' username will be lowercased","ks.dynamicCertificates.panel.title":"Dynamic certificates","country.BOL":"Bolivia","country.MDV":"Maldives","dpp.disable.successful":"Privacy Policy is successfully disabled.","field.user_category.desc.1.label":"Service Partner","error.captcha.wrong":"Wrong CAPTCHA","field.ticketCleaner.threadPool":"Thread pool size","severity.trace.tooltip":"Includes FATAL, ERROR, WARN, IMPORTANT, INFO, DEBUG and TRACE levels","ks.pk.added.ok":"New key successfully added and trusted","scheduledtask.thead.name":"Name","commons.controlCenter":"Control Center","trustedDomain.header.label":"Trusted domain","country.MCO":"Monaco","admin-tools.home.log.configure.msg":"Configure the application logger","config.update.noChange":"No changes detected","batchservices.generated.secret.modal.line2":"The associated secret key has been generated and will be displayed below.","batchservices.generated.secret.modal.line3":"Make sure to save it as it will only be displayed once.","account.field.released.hint.title":"Released field value","batchservices.generated.secret.modal.line1":"Batch service {0} has been successfully created.","commons.label.creation.time":"Creation Time","supportedNameIds.email":"E-Mail","antithrot.exp.mult.label":"Multiplier","country.SPM":"Saint Pierre and Miquelon","country.MDG":"Madagascar","2fa.trust.this.computer":"Trust this computer","peer.up.failure":"An error occurred while trying to process your request","saml.metadata.xml.label":"Metadata XML","sorting.default":"None","oauth.proxy.edit.panel.title":"Edit OAuth provider","field.crm_ctctou.desc.0.label":"I accept the Terms and Conditions Of Use","country.MDA":"Moldova, Republic of","notif.scheduledTask.remove.ko":"Unable to remove task.","antithrot.exp.basedUser.label":"Based on user","saml.metadata.generation.ssobindings.default.in.ssso":"You have to choose a default among the SSO bindings you have enabled","saml.metadataraw.label":"Content of your IdP metadata","ks.newEntryKeyPassword.label":"Password of the key to import","country.USA":"United States","2fa.allowed.successful":"2-Factor Authentication is now allowed for all users on the platform","password.update.success":"Password updated","aff.geolocation.label":"Geolocalisation","error.filters.unknown.error":"Error while retrieving anti fraud filters","field.hint.contains.lowercase":"Must contains {0} lowercase letter(s).","config.forgetPassword.deactivate.successful":"Users cannot reset their password anymore","password.resetkey.invalid":"Password reset key invalid","oauth.proxy.identityProviderName.label":"OAuth provider","country.URY":"Uruguay","country.SOM":"Somalia","saml.customURLIDPDisco.label":"Custom URL for IDP Discovery","field.refresh_token_url.label":"Refresh Token URL","admin-tools.logs.column.ip":"IP","field.private_key.label":"Client Secret","repository.dao.userDNFormat.placeholder":"CN={sn} {givenName} {employeeID}","country.BMU":"Bermuda","admin-tools.home.antithrottling.configure.msg":"Configure your HTTP Throttling filter","field.hint.contains.uppercase":"Must contains {0} uppercase letter(s).","config.synchronizeUserPassword.deactivate.successful":"We do not synchronize users' password anymore","fraud.message.ban.ok":"You successfully blocked this location.","saml.ks.keyname.label":"Certificate name","repository.deletion.error":"Error while deleting repository","2fa.current.code.mandatory":"Please enter the code displayed by your application","field.hint.not.contains.login":"It must not contain the username.","error.register.failure":"Registration failed: unknown error","field.marketing_consent.label":"I agree to receive newsletters by email from Dassault Systemes and its partners","users.address.label":"Address","userservice.authorizeRememberMe.label":"Authorize remember me","error.register.pending":"Your registration for this service is still being examined.","field.logs.sorting.label":"Sort results","repository.dao.userDNFormat.label":"Format of users' distinguished name","country.SMR":"San Marino","country.MAR":"Morocco","saml.ks.delete.label":"Delete certificate","account.field.deleted.hint.title":"Deleted field value","country.BLZ":"Belize","idp.activation.error":"Error while enabling Provider","admin-tools.home.password.policy.title":"Password policies","users.dpp_consent.label":"Privacy Policy agreement","filter.condition.label":"Conditions","country.BLR":"Belarus","oauth.proxy.scope.label":"Scope","technical.repo.mut.auth.and.get.error":"The technical repository should at least allow authentication and retrieval of users","users.username.label":"Username","users.security.label":"Security","country.DOM":"Dominican Republic","field.job_category.desc.3.label":"Partner - Marketing","country.FSM":"Micronesia, Federated States","filter.device.message":"Device:","saml.ks.activation.toogle.error":"Error while updating the keystore","saml.idp.city.label":"City","scheduledtask.panel.title":"Scheduled Tasks","fraud.expired":"This link has expired","password.too.young.to.be.changed":"You changed your password {0} day(s) ago. You must wait at least {1} day(s) before changing it.","admintools.users.acls":"ACLs","country.SLV":"El Salvador","2fa.allow.trusted.computers.label":"Allow users to define trusted computers for 2-Factor Authentication purposes","userservice.async.executor.priority.label":"Threads priority","saml.idp.zip.label":"Zip","repository.not.found.error":"The repository does not exist","notifications.disable.ok.label":"Email notifications have been successfully disabled.","saml.signingKey.label":"Signing Key","config.rememberme.retrieve.error":"Unable to get remember me feature activation status","password.update.error.passwordExpired":"Update password failed, password Expired","admin-tools.saml.label":"SAML","country.MAC":"Macau","userservice.admintools.panel.title":"General Configuration","admin-tools.home.notification.title":"Notification","country.FRO":"Faroe Islands","admin-tools.scheduledTask.label":"Scheduled tasks","security.questions.save.error":"An error occurred while saving your security questions","country.DNK":"Denmark","admin-tools.label.export":"Export","field.academy_card_number.label":"3DS Academy card number","batchservices.methods.title":"Batch authentication methods","field.pwd_question_answer.label":"Questions","field.job_category.desc.4.label":"Partner - Sales Administration","security.question.favorite.dish":"What is your favorite dish?","admin-tools.notifications.label":"Notifications","peer.up.allow.successful":"Your device '{0}' is now allowed to perform remote log in","3dxp.error.title":"Error","config.rememberme.update.ok":"Remember me feature activation status updated","filter.browser.message":"Browser:","message.number.of.logsPluriel":"{0} log entries match the current filter.","logs.conf.title":"Logging configuration","country.SLB":"Solomon Islands","saml.idp.firstName.label":"Firstname","admin-tools.home.acl.msg":"Administrate ACL configuration. Define roles and privileges.","metadata.edit.tooltip":"Edit metadata XML","saml.ssltlsSecurityProfile.label":"SSL/TLS Security Profile","country.SLE":"Sierra Leone","admin-tools.home.oauth.and.social.title":"Social Login and OAuth identity providers","repository.allowUpdate.label":"Allow update","syncFrequency.bad.format":"The frequency must be a positive integer","field.passwordCleaner.urlPassport":"Base URL of the Passport","country.HUN":"Hungary","country.BIH":"Bosnia and Herzegovina","technical.error":"A technical error occurred","importusers.informations.mandatory":"Please provide users informations","field.basicconf.label":"Basic Configuration","saml.ks.activation.activated":"Keystore enabled","password.already.used":"You have already used this password.","saml.generalOpt.label":"General options","aff.none.label":"None","commons.label.action":"Action","country.DMA":"Dominica","repository.getTemplate.mediaType.label":"Get request type","users.overview.label":"Overview","field.student_educationlevel.desc.1.label":"Secondary Education / High School","saml.idp.employee.label":"Employee","country.WSM":"Samoa","saml.panel.title":"Manage SAML Integration","ks.type.not.supported.error":"Type of entry not supported","idp.jazz":"Jazz","fraud.error.usersite.pending":"You have not authorized this site yet.","password.policy.minimumDigits.label":"Minimum number of digits","country.FRA":"France","logs.panel.eye.header":"Logs story line for selected request","admin-tools.home.fraud.detection.title":"Fraud Attempts Detection","saml.samlActivated.label":"Toggle SAML status","field.static_info_country.label":"Country","batchservices.renew.modal.title":"Are you sure?","admin-tools.home.2fa.msg":"Allow and/or force users to enable 2-Factor Authentication.","aff.notification.deleteko":"An error happened while deleting the filter.","field.hint.checkbox.required":"Must be checked.","account.removeButton":"Delete account","aff.create.filter":"Create Filter","admin-tools.security.label":"Security","admin-tools.advanced.label":"Advanced","field.task.placeholder":"My task","aff.error.simConnections.format":"\"Maximum simultaneous connections\" should be a valid integer value.","field.photo.label":"Your photo or avatar","logs.header.level":"Level","country.HTI":"Haiti","field.share_info.desc.4.label":"Nobody","repository.label.test":"Test","batchservices.no.results.label":"No batch services configured","repository.label.connection":"Connection","field.school_website.label":"University/School website","country.SJM":"Svalbard and Jan Mayen","saml.ks.add.title":"Add new certificate","account.recoverButton":"Recover account","saml.ks.read.title":"Read only certificates","ks.entityAlias.private.label":"Alias in your PKCS12 of the entity to add","commons.password.change":"Update my password","email.validation.request.invalid":"The URL you requested is not valid or has expired.","users.search.placeholder":"Search user with username or email","field.geocode.label":"Geocode","saml.fedConfig.label":"Federation configuration","country.BHS":"Bahamas","batchservices.remove.modal.submit.button":"Remove the batch service","saml.pkix.label":"PKIX","repository.mustCallGetAfterAuthentication.label":"Retrieve users' information by a call to the get method","country.BHR":"Bahrain","aff.error.id.format":"Error while retrieving the corresponding anti fraud filter.","commons.application.download":"Download the application","forbidden.access":"Access to this area is forbidden","field.username.label":"Username","aff.error.name.mandatory":"Please, name the filter.","country.SHN":"Saint Helena","admin-tools.roles.title":"Roles","saml.idp.dpp_consent.label":"GDPR consent","country.BGD":"Bangladesh","oauth.proxy.path.label":"Path","repository.authenticateTemplate.template.request.label":"Authentication request template","confirmation.scheduledTask.header":"Remove task","country.UMI":"US Minor Outlying Islands","repo.basic.configuration.section.label":"Basic Configuration","commons.action.clear":"Clear","antithrottling.deleteUser.label":"Remove blocked user","field.educator_id.label":"Educator proof of academic status","2fa.idvalidation.description":"Please enter the code displayed on your screen","country.YUG":"Yugoslavia","logs.search.field.maxResults.label":"Maximum number of results","users.city.label":"City","field.defaultTypes.label":"Default type","antithrottling.blocking.msg.label":"No throttling block detected","country.BGR":"Bulgaria","country.DJI":"Djibouti","repository.authorizeForgetPassword.label":"Authorize users to reset their password","profile.update.error":"Update failed","saml.activation.ok":"SAML successfully enabled. Accounts creation and password reset have also been disabled.","repository.creation.successful":"Repository successfully created","repository.advanced.label":"Advanced configuration","repository.dao.baseDN.label":"Base distinguished name of all users operation","ks.certificatevalue.label":"Base64-encoded value of the X509 certificate to add","country.SGS":"South Georgia & Sandwich Islan","saml.idp.label":"Identity provider","password.policy.allowPasswordWithLastname.label":"Allow password to contain last name","country.BFA":"Burkina Faso","commons.action.deactivate":"Deactivate","country.SGP":"Singapore","country.UKR":"Ukraine","field.ipHeaderName.placeholder":"x-forwarded-for","filter.action.message":"Actions:","2fa.deactivated.warning":"2-Factor Authentication has been disabled. To enable it again, please click on \"2-Factor Authentication\" below and follow the activation procedure.","admin-tools.home.trust.store.msg":"View and modify 3DPassport trust store.","antithrot.exp.mult.field.format":"'Multiplier' should be a strictly positive integer","config.timeout.format.error":"'Timeout' must be a valid positive number","password.policy.minimumDigits.format.error":"Minimum number of digits must be a positive number","commons.action.delete":"Delete","password.about.to.expire.in.days":"Your password will expire in {0} days.","country.HRV":"Croatia","filter.remove.message":"Are you sure you want to delete the filter: {0}?","dpp.header.label":"Privacy Policy","3dxp.login.dpp.title":"3DEXPERIENCE - Data Privacy Policy","saml.ks.panel.title":"Manage your keystore","aff.device.label":"Device","adminusers.panel.title":"Reset administrator users password","repository.build.error":"Error while building the repository","field.share_info.desc.3.label":"Network and Company only","saml.rawmetadata.title":"Edit SAML Metadata","commons.action.close":"Close","repository.notFound.connection":"Unknown repository: {0}","password.policy.ageLimit.label":"Age Limit (in days)","2fa.panel.title":"2-Factor Authentication","saml.metadata.label":"Metadata","country.BEN":"Benin","commons.action.activated":"User activated","country.BEL":"Belgium","repository.syncFreqType.label":"Synchronization Frequency","field.contactid.label":"Contact ID","field.user_3dsplm_subindustry.label":"Sub industry","field.user_3dsplm_otherindustry.label":"Other industry","saml.metadata.rawmetadata.mandatory":"Specify a valid XML document for SAML metadata","profile.update.unauthorized":"Account updates are not authorized","field.student_discipline.desc.2.label":"Architecture and Construction","field.syncUsrPwd.label":"Synchronize users' password","saml.submenu.modify.title":"Modify SAML metadata","repository.dao.password.placeholder":"Password","admin-tools.repository.label":"Repository","country.BDI":"Burundi","country.FLK":"Falkland Islands (Malvinas)","country.QAT":"Qatar","password.not.enough.specials":"Your password does not contain enough special characters. It should contain at least {1} special characters (yours has only {0}).","error.register.pwdlogin":"Registration failed: password cannot contain username","country.SEN":"Senegal","field.proof.of.academic.status.more":"{1}(mandatory if you do not have a school-issued email address and to buy from the e-store){2} Please attach a scan or a photo of a valid and dated student ID Card or of a letter from your school on school letterhead in gif, jpg, tif, bmp, png or pdf format up to 5 MB.","admin-tools.dpp.label":"Privacy Policy","newEntryType.pkcs12":"PKCS12","aff.values.device.label":"Number of device","password.policy.format.title":"Password format policy","ks.new.entry.title":"New certificate","saml.idp.password.label":"Password","security.questions.save.successfull":"Your security questions have successfully been saved","securityProfile.MetaIOP":"MetaIOP","repository.type.label":"Type","aff.block-connection.label":"Block connection","password.confirmation.differ":"Password confirmation does not match","field.district_billing.label":"District","peer.up.make.choice":"The link you followed is broken","oauth.proxy.name.label":"Provider","saml.activation.error":"Error while enabling SAML","severity.warn.tooltip":"Includes FATAL, ERROR and WARN levels","saml.idp.lastName.label":"Lastname","saml.securityProfile.label":"Security Profile","country.SDN":"Sudan","admin-tools.home.saml.msg":"View and modify SAML configuration.","saml.includeDiscoInExtMetadata.label":"Include IDP Discovery extension in metadata","repository.technical.cannotberemoved":"You cannot remove the technical repository","admin-tools.configuration.label":"Configuration","lockout.manage.panel.title":"Manage locked out users","error.authentication.lockout":"The account is locked. Please contact your administrator.","admin-tools.integration.label":"Integration","admin-tools.logs.label":"Logs","field.info.label":"Info","field.share_info.desc.2.label":"Company only","commons.action.search":"Search","ssltlsSecurityProfile.pkix":"PKIX","error.register.captcha":"Registration failed: wrong CAPTCHA","country.NZL":"New Zealand","title.settings.general":"General configuration","country.FJI":"Fiji","userservice.async.executor.advanced.label":"Advanced properties","field.scheduledTask.int3.placeholder":"30","field.ticketCleaner.queue":"Queue size","twoStepAuth.activate.ko":"An error occurred while enabling 2-Factor Authentication","users.acl.label":"ACL","country.HND":"Honduras","batchservices.update.success":"Batch service successfully updated","dpp.lastupdate.label":"Last update date","config.service.error":"Service exception","saml.idp.email.label":"Email","country.WLF":"Wallis and Futuna Islands","config.authorizeCreation.retrieve.error":"Error while retrieving the configuration for accounts creation authorization","repository.authorizeCreation.label":"Authorize the creation of new accounts","saml.ssobindings.label":"Single sign-on bindings","field.student_university.label":"University/School Name","saml.entityAlias.label":"Entity Alias","repository.update.error":"Error while updating repository","password.level.low":"Low","logs.header.user":"User","repository.removerepository.panel.body":"Are you sure you want to delete the repository: {0}?","lockout.scope.consecutive.failures.label":"Session-unaware consecutive failures","admin-tools.home.lockout.title":"Lockout","field.ipHeaderName.label":"Name of the HTTP header containing the client's IP","field.authentication_url.label":"Authentication URL","admin-tools.home.dpp.msg":"View and modify Privacy Policy configuration.","repository.getTemplate.action.label":"Get template action","country.HMD":"Heard and McDonald Islands","commons.live.connect":"Remote Connection","actions.default":"None","password.policy.minimumLetters.format.error":"Minimum number of letters must be a positive number","commons.label.user.identifier":"User identifier","field.name.label":"Name","country.SCG":"Serbia, Montenegro and Kosovo","country.LVA":"Latvia","password.about.to.expire.today":"Your password expires today.","idp.fb":"Facebook","country.DEU":"Germany","users.deletionDate.label":"Deletion date","country.FIN":"Finland","ks.reloadActivated.label":"Reloadable keystore enabled","country.UGA":"Uganda","country.LUX":"Luxembourg","repositories.general.title":"General Configuration","admin-tools.home.2fa.title":"2-Factor Authentication","country.SAU":"Saudi Arabia","config.update.ok":"Configuration update successful","field.passwordCleaner.userBean":"Name of the service bean used to retrieve users","logs.addCategory.label":"Add new log category","field.termsofuse_tvnima.label":"Terms Of Use","saml.metadata.baseUrl.mandatory":"Base URL is a mandatory field","securityProfile.pkix":"PKIX","ks.fixedCertificates.panel.title":"Read-only certificates","repository.saver.error":"Error while saving the repository properties","ks.certifcate.required":"Please enter a certificate","field.job_category.desc.2.label":"Partner - Finance Operations","ssltlsHostnameVerification.default":"Standard Hostname Verifier","country.JPN":"Japan","blocked.connection.label":"You cannot log in from this location.","field.district_billing.desc.0.label":"district","country.LTU":"Lithuania","filter.ip.message":"IP:","2fa.questions.panel.answer":"Answer","account.field.released.label":"[released]","error.password.expired":"Your password expired. Please reset it.","commons.account.create":"New/Change User","field.i.am.a.more":"What type of user are you?","country.HKG":"Hong Kong","repository.isTechnical.label":"Technical repository","commons.you.can.also.use.your.soliworks.id":"You can also use your SOLIDWORKS ID","admin-tools.passwordManagement.label":"Password management","field.threadsTimeOut.label":"Threads TimeOut","config.update.no":"Configuration update fail","aff.hasConditions.label":"Has conditions?","admin-tools.logs.column.date":"Date","aff.values.simultaneousconnections.label":"Simultaneous Connections values","field.dpp_consent.label":"I agree to the terms of the <a target=\"_blank\" href=\"{0}\">Privacy Policy</a>","password.policy.historyLength.format":"'Password history length' must be a strictly positive number","field.city_billing.label":"Billing City","batchservices.remove.modal.line":"Are you sure you want to remove the batch service named {0}?","logs.header.ip":"IP","country.LSO":"Lesotho","repository.newrepository.panel.title":"New repository","commons.users.totp.deactivated":"2-Factor Authentication disabled","country.JOR":"Jordan","rule.pwd.minSpecial":"Must contain at least {0} special character(s)","field.student_graduationdate.label":"Graduation date","field.student_discipline.desc.0.label":"Mechanical Engineering","admin-tools.trustedDomain.label":"Trusted domain","field.password.new.label":"New Password","2fa.auto.log.in.error":"An error occurred while finalizing the log in process","field.job_category.desc.0.label":"Partner - CEO","user.email.not.checked":"Please check your inbox to activate your account","twoStepAuth.activate.ok":"2-Factor Authentication enabled","oauth.proxy.noList.label":"No OAuth provider configured","aff.hasGeoLocation.label":"Geolocation configuration?","repository.syncFreqType.placeholder":"10","config.forceLowerCase.already.off":"Users' username are already not lowercased","notifications.enable.label":"Enable email notifications and verification upon account creation/update","admin-tools.logs.column.type":"Type","field.rules_regulations_sd.label":"Rules and Regulations","batchservices.service.name.label":"Service Name","rule.pwd.allow.firstName":"Should not contain your firstname","commons.login.iamnot":"I am not","field.target_id.label":"Target ID","commons.back":"Back","error.authentication.membership.bad":"Your account does not have the required membership","config.validateEmail.deactivate.successful":"Email validation is successfully disabled","repository.userDAO.passworMgr.algorithm.label":"Password hashing algorithm","repository.syncFrequency.label":"Synchronization frequency (in seconds)","commons.panel.logIn.title":"3DEXPERIENCE ID","field.termsofuse_tvnima.desc.0.label":"I fully agree with the terms of use shown above","country.PYF":"French Polynesia","admin-tools.oauthProxy.label":"OAuth Proxy","commons.action.disable":"Disable","users.email.label":"Email","field.school_address.label":"University/School address","message.delete.logs":"Are you sure you want to delete those logs?","ks.newEntry.type.label":"Type of entry","config.build.error":"Technical exception","importusers.usersInfo.label":"Users informations (username;email;firstname;lastname;country;city;address;password)","admin-tools.label.actions":"Actions","2fa.current.code.label":"Current code displayed by your application","field.defaultService.label":"Default service","saml.supportedNameIds.label":"Supported NameIDs","password.level.bad":"Invalid","field.hint.contains.number":"Must contains {0} number(s).","repository.error.operation":"At least one operation configuration must be set","commons.panel.logIn.title.with.footnote":"3DEXPERIENCE ID *","saml.idp.username.label":"Username","batchservices.service.authentication.activation.title":"Service authentication","2fa.allowed.label":"Allow users to use 2-Factor Authentication","passwordpolicy.policy.update.nothing.to.do":"No changes detected","admin-tools.home.section.security":"Security","admin-tools.label.remove":"Remove","commons.or.separator":"OR","dpp_consent.confirmation.off":"User must agree to the terms of the Privacy Policy in order to register","admin-tools.home.oauth.msg":"View and modify OAuth identity providers settings.","oauth.proxy.clientSecret.label":"Client secret","repository.repoName.placeholder":"Repository","repository.dao.attributesMapper.inactiveCode.label":"Code of inactive users","error.update.tgt2device":"Error while modifying the binding between the TGT to the device.","filter.remove.label":"Remove filter","admin-tools.fraudDetection.label":"Fraud detection","field.idp_url.label":"IdP URL","notifications.admin.enable.ok.label":"Enforcing email validation for admins has been successfully enabled.","field.eppobjectives.label":"EPP Objectives description","aff.actions.label":"Actions to perform","repository.testConnection.tooltip":"Test connection to repository","commons.admin-tools":"Administration Tools","commons.action.view":"View","idvalidation.basic.credentials.description":"Please revalidate your credentials","aff.simultaneousconnections.label":"Simultaneous Connections","idp.amazon":"Amazon","field.dn.label":"DN","field.student_discipline.desc.5.label":"Gaming and Animation","scheduledtask.thead.type":"Type","saml.ssoBindingDefault.label":"Default SSO binding","repository.sessionFactory.dataSource.driverClass.placeholder":"com.mysql.jdbc.Driver","field.geo_desc.label":"Geo Desc","aff.values.max.label":"Maximum Values","button.count.label":"Count","aff.notification.registerok":"The filter has been successfully created.","country.AZE":"Azerbaijan","field.from.label":"From date","field.passwordCleaner.nbUser":"Number of users treated by each thread","logs.removeCategory.label":"Remove category","certifacte.parse.error":"An error occurred while parsing your input.","repository.dao.password.label":"Password of the LDAP user","admin-tools.home.sso.msg":"Administrate SSO configuration.","field.user_3dsplm_industry.label":"Industry","error.register.unauthorized":"Registration for this service is disabled","field.student_discipline.desc.4.label":"Art and Industrial Design","field.password.new.confirm.label":"Confirm your new password","sessToDev.label":"Associate the session ID to the device","country.NRU":"Nauru","password.reset.success":"Password was successfully reset","saml.ssltlsHostnameVerification.label":"SSL/TLS Hostname Verification","lockout.number.consecutive.failures.field.format":"Number of authorized consecutive failures must be greater than 0","twoStepAuth.allow.totp.label":"Allow 2-Factor Authentication","2fa.questions.panel.second.question":"Second question","error.update.failure":"Update failed","password.update.notauthenticated":"Cannot verify current password","antithrot.exp.delay.field.format":"'Delay' should be a strictly positive integer","field.from.time.label":"From time","notifications.header.label":"Account update notifications","adminusers.new.password":"New password to set to the user","commons.action.validate":"Validate","2fa.forced.successful":"2-Factor Authentication is now mandatory for all users on the platform","ks.entityAlias.public.label":"New entity alias","title.settings.account":"Account configuration","repository.dao.attributesMapper.activeCode.placeholder":"Code","field.social_tou.label":"Terms of Use and Data Privacy Policy","email.validation.request.admin.sent.ok":"Email validation has been successfully sent.","field.passwordCleaner.passwordBean":"Name of the service bean used to enforce the password policy","field.captcha.label":"Type the characters you see above","idp.activation.ok":"Provider successfully enabled","commons.action.enable":"Enable","country.YEM":"Yemen","commons.password.set":"Set a password","admin.user.reset.pwd.ok":"The user's password has been updated successfully","scheduledTask.panel.addTitle":"Create a new task","oauth.proxy.baseUrl.label":"Base URL","admin-tools.home.antithrottling.title":"HTTP Throttling","field.zip_billing.label":"Billing Postal Code","config.services.retrieve.error":"Error while retrieving the list of services","dpp.lastupdateapiurl.ko":"Invalid API URL","message.numberLogs.title":"Logs - {0} Filtered results","password.policy.allowPasswordRenewalPolicy.label":"Enable Password renewal policy","admin-tools.home.section.maintainability":"Maintainability","logs.tag.tracked":"Enabled","idp.edit.tooltip":"Edit identity provider","logs.header.classinfo":"Class Info","field.hint.no.specials":"No accentuated or special characters allowed except '-', '_', '.'","field.user_category.label":"I am a...","field.task.labelName":"Name","country.NPL":"Nepal","aff.notification.updateok":"The filter has successfully been updated.","config.synchronizeUserPassword.update.error":"Error while updating the value of 'synchronizeUserPassword'","filter.banned.message":"Banned values:","field.student_discipline.desc.6.label":"Other","field.eppcontactid.label":"EPP Contact ID","country.LKA":"Sri Lanka","ks.newEntryKeyStorePassword.label":"Password of the PKCS12 if any","idp.live":"Microsoft","idp.instagram":"Instagram","country.AUT":"Austria","admin-tools.home.saml.title":"SAML Configuration","country.CYP":"Cyprus","country.AUS":"Australia","oauth.proxy.list.label":"Available OAuth providers","admin-tools.home.log.action.msg":"Perform actions on the loggers database","country.RWA":"Rwanda","country.NOR":"Norway","config.createAccount.activate.successful":"Users can create new accounts now","notification.register.success":"Registration successful","saml.view.title":"Metadata","message.tgt2device.update.ok":"The binding between the TGT and the device has been successfullfy updated.","saml.sso.bindings.active":"Active","saml.urlMetadata.label":"URL Metadata","country.CZE":"Czech Republic","admin-tools.home.oauth.and.social.msg":"View and modify Social Login and OAuth identity providers settings.","repository.syncPassword.label":"Synchronize the user's password","filter.edit.tooltip":"Edit filter","activation.email.unknown":"The activation link that you followed is not valid","field.defaultLanguage.label":"Default language","repository.error.connection":"Error while fetching the repository: {0}","field.vat.number.more":"Don't write the 2 letters of the country at the beginning of the VAT ID","security.question.default":"Choose a question","severity.debug.tooltip":"Includes FATAL, ERROR, WARN, IMPORTANT, INFO and DEBUG levels","commons.action.deactivated":"User deactivated","country.PRI":"Puerto Rico","field.whitelist.label":"White List","field.display.name.more":"This is the name that will be displayed on the website.","country.TZA":"Tanzania, United Republic of","field.nickname.label":"Display Name","sorting.sortAsc":"Ascending","batchservices.delete.label":"Delete batch service","country.CXR":"Christmas Island","password.policy.minLength.format":"'Minimum length' must be a strictly positive number","country.PRT":"Portugal","repository.authenticateTemplate.action.label":"Authentication action","country.PRY":"Paraguay","country.CYM":"Cayman Islands","logs.search.field.message.label":"Message","field.share_info.tooltip":"{1}Hidden{2}Visibility to everybody{3}Visible according to visibility option{4}Login{5}Email{6}Password{7}First Name{8}Last Name{9}Title{10}Photo{11}Job title{12}Company{13}Address{14}Phone{15}Postal code{16}City{17}Country{18}State/Province{19}","repository.unknown":"The repository you tried to delete is unknown","country.PRK":"Korea, Democratic People's Rep","all.security.questions.mandatory":"All security questions are mandatory","rule.pwd.minLowerCase":"Must contain at least {0} lowercase letter(s)","admin-tools.home.lockout.config.msg":"Configure your lockout filter","update.loggingconf.ko":"Error while updating the configuration","title.passwordManagement.header":"Password management","commons.label.cookies":"Please enable cookies on your browser to login.","adminusers.new.password.again":"Type the password again","saml.idp.country.label":"Country","ssltlsSecurityProfile.MetaIOP":"MetaIOP","repository.allowCreate.label":"Allow creation","country.ASM":"American Samoa","config.createAccount.deactivate.successful":"Users cannot create accounts anymore","title.advancedSettings.header":"Advanced Settings","actions.block-connection":"Block connection","field.static_info_country_billing.label":"Country","field.hint.strlen.min":"Must be at least {0} character(s) long.","country.ATF":"French Southern Territories","error.filters.none":"No anti fraud filters defined","field.to.time.label":"To time","country.RUS":"Russian Federation","commons.label.creation.date":"Creation Date","country.ATG":"Antigua and Barbuda","repository.mapping.information.text":"Define here LDAP attributes to map to 3DPassport attributes","password.update.old.error":"Invalid old password","saml.idps.description":"View and modify SAML identity provider.","users.employee.label":"Employee","country.LIE":"Liechtenstein","repository.authenticateTemplate.template.response.label":"Authentication response template","saml.encryptionKey.label":"Encryption Key","saml.metadata.generation.error":"Error while generating SAML metadata","field.country.label":"Country","country.ATA":"Antarctica","field.share_info.more":"I share my private information with...","field.license_agreement_sc.desc.0.label":"I accept the license agreement","filter.geolocalisation.message":"Geolocalisation:","filter.allowed.message":"Allowed values:","country.NLD":"The Netherlands","field.hint.strlen.max":"Must be at most {0} character(s) long.","repository.dao.baseenvtprops.com.sun.jndi.ldap.read.timeout.placeholder":"3000","country.ARM":"Armenia","field.username_or_email.label":"Email or username","commons.label.end.time":"End Time","repository.indexGetList.label":"Order in get repository list","rule.pwd.special.allowed":"Cannot contain special characters other than the following: {0}","batchservices.add.label":"Add batch services","field.zip.label":"Postal Code","filter.condition.message":"Conditions:","admin-tools.label.state":"Active","field.idp_url.placeholder":"Enter Identity Provider URL","key.not.private.error":"The key is not a private key","repository.readTimeout.label":"Read timeout","oauth.proxy.whitelist.label":"Whitelist","password.policy.ageMin.format.error":"'Minimum age' should be a positive integer","commons.action.sendEmail":"Send validation email","antithrottling.config.panel.title":"HTTP Throttling blocks","saml.metadataURL.label":"URL to fetch metadata","antithrot.exp.maxFail.field.format":"'Maximum authorized failures' should be a strictly positive integer","field.base_url.label":"Base URL","lang.fr":"Français","error.passport.still.initializing":"The application is still initializing, please retry later.","ssltlsHostnameVerification.defaultAndLocalHost":"Standard Hostname Verifier (Skip verification for localhost)","field.gender.desc.2.label":"Mrs.","aff.addvalue.label":"Add Value","country.ARG":"Argentina","lockout.activation.consecutive.failures.label":"Enable lockout after consecutive failures","country.ARE":"United Arab Emirates","country.TWN":"Taiwan, ROC","password.policy.not.enough.special.characters.error":"You have to specify at least one special character","field.student_name.label":"Student Name","saml.requireSignedAuthAssert.label":"Require signed Authentication Assertion","supportedNameIds.x509subject":"X509 Subject","importusers.title":"Massively import users","field.ticketCleaner.chunk":"Chunk size","lockout.unlock.user.label":"Unlock user","country.POL":"Poland","rule.pwd.minUpperCase":"Must contain at least {0} uppercase letter(s)","commons.users.totp.activated":"2-Factor Authentication enabled","field.job_category.label":"Job Category","3dxp.general.title":"3DExperience Platform","remoteLogIn.activate.ko":"An error occurred while enabling 2-Factor Authentication","commons.action.logInSwksID":"Log in with SOLIDWORKS ID","saml.idp.social_tou.label":"Social","update.loggingconf.ok":"Configuration successfully updated","field.need_access.label":"I need an access to 3DSwYmer to...","country.NIU":"Niue","lang.es":"Español","error.forgotpassword.unauthorized":"Forgot password service is disabled","lang.en":"English","filter.simConnection.label":"Connections","password.policy.ageLimit.format.error":"'Age Limit' should be a positive integer","antithrot.exp.basedSession.label":"Based on session","country.CUB":"Cuba","logs.list.title":"Logs","twoStep.defineTrusted.label":"Allow users to define trusted computers for 2-Factor Authentication purposes","2fa.recover.my.account":"Recover my account","country.PNG":"Papua New Guinea","lockout.users.delete.ok":"User successfully unlocked","supportedNameIds.unspecified":"Unspecified","error.credentials.bad.format":"The provided credentials format is not supported","security.question.shoe.size":"What is your shoe size?","logs.header.stacktrace":"Stack trace information","aff.error.maxvalues.integer":"\"Maximum Allowed values\" should be a valid integer value.","lang.de":"Deutsch","idp.tumblr":"Tumblr","country.PLW":"Palau","3dxp.register.title":"Welcome to 3DEXPERIENCE Platform","configuration.update.success":"The configuration has successfully been updated","repository.error.test":"Error while testing the repository, please check your configuration","account.recover.label":"Recover username","filter.emptyfilter.label":"No anti fraud filters defined","field.visibility.options.more":"I share my private information with...<br /><i><font color=\"#999\">Important: The \"Company only\" option is meaningful only on a tenant belonging to your company</font></i>","country.TUR":"Turkey","saml.noMetadata.label":"Metadata is not configured","password.update.containsusername":"Your password cannot contain your username","country.JAM":"Jamaica","country.TUV":"Tuvalu","logs.header.message":"Message","password.not.enough.letters":"Your password does not contain enough letters. It should contain at least {1} letters (yours has only {0}).","fraud.error.usersite.banned":"Unknown error.","2fa.questions.panel.title":"Security Questions","repository.dao.baseenvtprops.com.sun.jndi.ldap.connect.timeout.label":"Connect timeout (in milliseconds)","field.share_info.label":"Visibility Options","country.NIC":"Nicaragua","logs.actions.title":"Logs metrics and purge","saml.submenu.generate.title":"Generate new SAML metadata","antithrottling.panel.title":"HTTP Throttling","country.TUN":"Tunisia","filter.geolocationsation.label":"Geolocation","idp.twitter":"Twitter","saml.signMetadata.label":"Sign Metadata","twoStepAuth.button.link.profile":"2-Factor Authentication","field.password.label":"Password","no.changes.detected":"No changes detected","repository.sessionFactory.dataSource.driverClass.label":"Driver class name","field.user_category.desc.10.label":"Other","country.ANT":"Netherlands Antilles","filter.table.header":"Available filters","account.recover.ok":"The user account has been successfully recovered.","password.policy.minimumLowerCase.label":"Minimum number of lowercase letters","dpp.apiurl.successful":"The last update API URL is successfully updated.","country.CRI":"Costa Rica","antithrot.exp.initPer.field.format":"'Initial Blocking Period' should be a strictly positive integer","too.many.connections":"We could not log you in because you already have other registered connections. Refer to the email that have been sent to you to end the connections you already have.","oauth.social.state.label":"Social Login","filter.fraudConfig.header":"Fraud detection management","saml.url.label":"URL","2fa.security.answers.check.error":"An error occurred while checking your answers. Please retry or contact an administrator if this problem persists.","error.register.missing.data":"Please, fill the missing information to access this service.","field.address.label":"Address","notification.activation.account.success":"You successfully activated your account","field.scheduledTask.bean2.placeholder":"userServiceService","country.TTO":"Trinidad and Tobago","field.user_category.desc.4.label":"Software Partner","country.LBY":"Libyan Arab Jamahiriya","commons.action.ok":"OK","repository.forceEnableRepoWrite.label":"Allow users to be created in this repository","repository.removerepository.panel.title":"Remove repository","field.student_department.label":"Department or Class name","country.LBN":"Lebanon","country.LBR":"Liberia","commons.action.apply":"Apply","country.ROM":"Romania","field.password.confirm.label":"Confirm your password","country.AND":"Andorra","country.LCA":"Saint Lucia","admin-tools.home.notification.msg":"View and modify 3DPassport email notifications.","country.NGA":"Nigeria","2fa.questions.panel.free.question":"Free question","password.policy.remindUserBefore.label":"Remind user before (in days)","admin-tools.home.general.msg":"View and modify miscellaneous configurations.","password.contains.forbidden.character":"Your password cannot contain {0}. Only {1} are allowed.","users.company.label":"Company","idp.linkedin":"LinkedIn","user.already.exists":"This email or username is already in use. <a href=\"#login\">Log in</a> or provide a different email or username.","field.newsletterRegistration.label":"Newsletter registration","lockout.users.delete.ko":"An error occurred while attempting to unlock the user","field.hint.pattern.mail":"Must be a valid email address.","country.NER":"Niger","country.LAO":"Lao People's Democratic Rep","country.ETH":"Ethiopia","admin-tools.logs.column.classinfo":"Class Info","filter.name.placeholderForm":"My filter","saml.ssobinding_HOKSSO_ARTIFACT.label":"HoK SSO Artifact","antithrottling.blocking.params.title":"HTTP Throttling filter","repository.type.mandatory":"Choose a type for your repository","country.NFK":"Norfolk Island","commons.action.regenerate":"Regenerate","field.sid.label":"sid","syncFreqType.once":"Synchronize users' data only at first log in","error.idvalidation.code.wrong":"The code you entered is not valid","saml.ks.noreadkey.label":"No certificate added","saml.idp.language.label":"Language","repository.update.successful":"Repository successfully updated","country.CPV":"Cape Verde","field.student_discipline.desc.1.label":"Industrial and Manufacturing Engineering","field.scheduledTask.bean1.label":"Bean 1","aff.hasBrowserConf.label":"Browser configuration?","repository.remove.successful":"Repository successfully removed","error.resetpassword.unauthorized":"Reset password service is disabled","supportedNameIds.transient":"Transient","country.ESP":"Spain","country.COM":"Comoros","saml.submenu.export.title":"Export SAML metadata","country.COL":"Colombia","country.EST":"Estonia","field.task.labelType":"Type","country.COG":"Congo","saml.signSentAuthNRequests.label":"Sign sent AuthNRequests","country.ESH":"Western Sahara","syncFreqType.everyTime":"Synchronize users' data at each log in","field.gender.label":"Title","country.COD":"Congo, The Democratic Republic","batchservices.renew.modal.submit.button":"Renew the secret","country.COK":"Cook Islands","commons.qr-code-auth":"QR Code","field.active.label":"Enable Social Login","saml.requireSignedLogOutReq.label":"Require signed LogoutRequest","admin-tools.logsConfig.label":"Logs configuration","password.policy.minimumUpperCase.format.error":"Minimum number of uppercase letters must be a positive number","field.siteparentid.label":"Site Parent ID","country.ALB":"Albania","country.VUT":"Vanuatu","account.recover.message.p2":"This user account will be recovered in local database repository (sqlDB).","account.recover.message.p3":"You can optionally recover the username by checking the checkbox below.","userservice.update.ok":"Configuration updated successfully","field.license_agreement_etd.label":"Acceptation du contrat de licence Enseignant","idp.deactivation.ok":"Provider successfully disabled","idp.rtc":"RTC","userservice.defaultLanguage.unknown":"The language you selected is unknown","field.job_category.desc.1.label":"Partner - Executive","commons.action.unlock":"Unlock","field.siteid.label":"Site ID","account.recover.message.p1":"Are you sure you want to recover this user account?","twoStepAuth.deactivate.ok":"2-Factor Authentication disabled","idp.tooltip.title":"Configure identity provider","2fa.activation.mandatory":"Your credentials are valid but you must enable 2-Factor Authentication to proceed","config.forceLowerCase.already.on":"Users' username are already lowercased","password.policy.remindUserBefore.greater.ageLimit.error":"The maximum age of the passwords must be greater than the field \"Remind user before\"","admin-tools.label.description":"Description","password.policy.minimumLetters.label":"Minimum number of letters","country.ERI":"Eritrea","account.recover.ko":"An error occurred while recovering the user account.","field.scheduledTask.string1.label":"String 1","password.update.disabled":"You can't update your password in this section.","field.task.labelAdd":"Add task","twoStep.forceUser.label":"Force users to use 2-Factor Authentication","country.PHL":"Philippines","builder.wrong.type":"The builder you specified is of the wrong type","filter.name.labelForm":"Filter Name","saml.ks.activation.deactivated":"Keystore disabled","commons.action.register":"Register","commons.action.activate":"Activate","field.title.label":"Job Title","saml.noidp.label":"No identity provider defined","users.acls.empty":"User has not ACL.","importusers.import.warning":"Some errors occurred while importing the users","button.delete.label":"Delete","field.ds_contact.label":"DS contact you work with on this project","rule.pwd.minLength":"Must be at least {0}-characters long","country.AIA":"Anguilla","lockout.config.panel.title":"Configure lockout filter","country.GUF":"French Guiana","country.GUM":"Guam","field.student_educationlevel.desc.0.label":"Elementary Education","password.mandatory":"Password is a required field.","country.TON":"Tonga","country.NCL":"New Caledonia","dpp.panel.title":"Privacy Policy","admin-tools.twoFactors.label":"2-Factor Auth","country.GUY":"Guyana","2fa.security.answers.mandatory":"Please answer all the questions","country.CMR":"Cameroon","field.lastName.label":"Last name","dpp.urls.successful":"Privacy policy URL is successfully updated.","saml.metadata.save.ok":"SAML Metadata update successful","password.reset.request.sent":"An email has been sent. Please follow the instructions in this email to update your password.","admin-tools.home.admin.user.reset.password":"Administrator users","aff.edit.filter":"Edit anti fraud Filter: {0}","country.GTM":"Guatemala","field.username.tooltip":"Username must respect the following policies:{1}- It must contain only alphabetic or numeric characters. No accentuated or special character allowed.{2}- It must be at least 4-characters long","notifications.validityPeriod.ok.label":"Links validity period is successfully updated.","admin-tools.home.search.user.msg":"Search and find users.","field.logs.minimumLevel.label":"Level","country.NAM":"Namibia","admin-tools.home.search.user.title":"Search users","error.update.session2device":"Error while modifying the binding between the session and the device.","2fa.displayAndValidate.description.1":"Please flash the QR code below with the application on your mobile to pair your device with your account.","2fa.displayAndValidate.description.2":"Once this is done, please enter in the field below the code displayed by the application on your device and click \"Validate\".","country.PER":"Peru","users.title.header":"User information: {0}","password.policy.minimumLowerCase.format.error":"Minimum number of lowercase letters must be a positive number","ks.io.error":"An error occurred while attempting to read the certificate","2fa.recover.started":"You will shortly receive an email containing a link to follow to finalize the recovery of your account.","field.economic_op.label":"Economic Operator","idvalidation.expired":"The identification process to access to this resource has expired. Please try again to access it.","saml.sso.bindings.default":"Default","account.archive.label":"Archive email","admin-tools.home.oauth.title":"OAuth identity providers","commons.action.update":"Update","repository.repoName.label":"Repository Name","remoteLogIn.deactivate.ko":"An error occurred while disabling 2-Factor Authentication","ks.certificate.delete.success":"The entry {0} has successfully been deleted","saml.securityOpt.label":"Security options","fields.country.default.label":"Please select a country","twoStepAuth.deactivate.ko":"An error occurred while disabling 2-Factor Authentication","field.share_info.desc.0.label":"Everybody","config.rememberme.update.error":"Unable to update remember me feature activation status","batchservices.delete.error":"Error while deleting batch service","fraud.message.allowPerm.ok":"You successfully allowed this location.","commons.label.session":"Session","admin-tools.home.fraud.detection.msg":"Configure the way to protect users' identity.","saml.ssltlsClientAuthentication.label":"SSL/TLS Client authentication","saml.metadata.retrieve.error":"SAML metadata couldn't be retrieved","metadata.export.tooltip":"Export metadata XML","notifications.enable.ok.label":"Email notifications have been successfully enabled.","userservice.hasForceLowerCase.label":"Force username to lowercase","saml.requireSignedArtifactResolve.label":"Require signed ArtifactResolve","repository.allowAuthenticate.label":"Allow authentication","country.TMP":"East Timor","admin-tools.home.password.policy.format.msg":"Password format policy","country.AGO":"Angola","password.policy.allowPasswordWithUsername.label":"Allow password to contain username","lang.ko":"한국의","country.AFG":"Afghanistan","country.GRL":"Greenland","ks.activation.toogle.error":"Error while updating the keystore","config.forcelowercase.change.warning":"Beware! User accounts have already been created. By modifying this option you could cause interoperability issues with other components of the 3DExperience Platform.","fieldset.fields.label":"Fields to synchronize from SAML assertion","admin-tools.home.log.search.msg":"Search information in the logs of the application","field.task.labelStartTime":"Start time","country.PCN":"Pitcairn","title.passwordRenewal.header":"Password renewal","country.GRD":"Grenada","repo.synchronization.section.label":"Synchronization Configuration","country.GRC":"Greece","config.validateEmail.activate.successful":"Email validation is successfully enabled.","field.share_info.desc.1.label":"Network only","saml.entityId.label":"Entity ID","error.register.cannotcreate":"Registration failed: cannot create user","oauth.proxy.refreshTokenUrl.label":"Refresh Token URL","field.gender.desc.3.label":"Dr.","field.job_category.desc.5.label":"Partner - Sales","country.default":"Please select a country","field.passwordCleaner.nbDayAlert":"Number of days between password expiration and alert user","admin-tools.home.dpp.title":"Privacy Policy","field.scheduledTask.bean1.placeholder":"emailService","repository.sessionFactory.dataSource.jdbcUrl.label":"URL of the database storing the users","saml.ks.reloadActivated.label":"Reloadable keystore enabled","certificate.alias.exists":"A key exists with this alias","batchservices.renew.modal.line2":"The previous secret will be unvalidated.","batchservices.renew.modal.line1":"This action cannot be undone. This will generate a new secret for {0} batch service.","email.pattern.error":"The field 'email' doesn't respect the expected format","admin-tools.logs.column.level":"Level","logs.addCategory.button":"Add category","repository.dao.urls.label":"Url(s) of the LDAP server(s) storing the users","field.scheduledTask.string1.placeholder":"https://","country.CIV":"Cote D'Ivoire","trustStore.header.label":"Trust store","country.TKM":"Turkmenistan","country.TKL":"Tokelau","builder.unknown":"The builder you specified is unknown","country.ZWE":"Zimbabwe","fraud.banning.description":"Click on \"Validate\" below to permanently prevent any connection attempt from this location.","field.your_journal.label":"Votre Journal","users.passwordCreationTime.label":"Password creation time","password.policy.ageLimit.format":"'Age Limit' must be a number","field.timeout.label":"Timeout","country.REU":"Reunion","country.CHE":"Switzerland","country.CHL":"Chile","admin-tools.home.log.title":"Logs","notifications.admin.enable.label":"Enforce email validation for admins","field.economic_op.desc.0.label":"I certify that I am an economic operator","admin-tools.audit.label":"Audit","country.PAK":"Pakistan","logs.tooltip.stacktrace":"Show all stack trace information","admintools.users.panel.title":"Search users","syncFreqType.custom":"Synchronize every X seconds","country.PAN":"Panama","field.logs.levels.label":"Level","password.update.error.nullSession":"Unable to fetch current user data","lang.it":"Italiano","aff.hasDeviceConf.label":"Device configuration?","lang.ja":"日本語","certificate.add.error":"An error occurred while trying to add the certificate","lockout.users.no.results.label":"No locked users","country.VNM":"Viet Nam","country.TJK":"Tajikistan","field.vat_number.label":"VAT Number","saml.metadata.save.ko":"SAML Metadata update failed","country.CHN":"China","dpp.tu.url.label":"Terms of Use URL","password.policy.minimumSpecial.format.error":"Minimum number of special characters must be a positive number","passwordpolicy.policy.update.success":"Password policy successfully updated","account.field.released.hint.message":"This field value has been released and can now be used to register a new account.","password.policy.historyLength.label":"Password history length","country.ISL":"Iceland","batchservices.list.label":"Batch Services","saml.metadata.entityId.mandatory":"Entity ID is a mandatory field","password.policy.minimumLength.label":"Minimum length","oauth.proxy.exchangeCodeUrl.label":"Exchange Code URL","repository.sessionFactory.dataSource.password.label":"Password of the database user","scheduledtask.thead.starttime":"Start time","password.not.enough.lower":"Your password does not contain enough lower case letters. It should contain at least {1} lower case characters (yours has only {0}).","commons.action.add":"Add","notifications.validityPeriod.label":"Duration of validation, deletion and reset links (minutes)","saml.requireSignedLogOutResp.label":"Require signed LogoutResponse","saml.activation.panel.title":"Enable SAML Authentication","repository.dao.attributesMapper.employeeType.label":"Employee Type","commons.action.back":"Back","commons.captcha.reload":"If you can't read this image text, load another one.","config.synchronizeUserPassword.activate.successful":"We now synchronize users' password","country.ITA":"Italy","aff.hasDayTimeConf.label":"Time period configuration?","oauth.proxy.authenticationUrl.label":"Authentication URL","password.policy.minimumSpecial.label":"Minimum number of special characters","remoteLogIn.deactivate.ok":"2-Factor Authentication disabled","commons.action.newUser":"New/Change User","country.KWT":"Kuwait","country.ISR":"Israel","dpp.lastupdateapiurl.label":"The last update API URL","country.IRL":"Ireland","admin-tools.home.acl.title":"Role based ACL","ks.certificate.added.ok":"New certificate successfully added and trusted","saml.ssobinding_HOKSSO_POST.label":"HoK SSO HTTP-POST","saml.metadata.generation.ssobindings.unknown":"Please select only one of the SSO bindings below","country.IRN":"Iran (Islamic Republic Of)","country.GNB":"Guinea-Bissau","commons.label.id":"ID","batchservices.update.error":"Error while updating batch service","country.TGO":"Togo","label.taskType.PasswordPolicy":"Password Policy","config.synchronizeUserPassword.retrieve.error":"Error while retrieving the value of 'synchronizeUserPassword'","userservice.defaultLanguage.update.ko":"An error occurred while updating the default language","username.mandatory":"Username is a required field.","users.error.service":"Unable to access to default service","antithrot.exp.delay.label":"Delay (in milliseconds)","country.ABW":"Aruba","error.unknown":"An unknown error occurred","country.GNQ":"Equatorial Guinea","field.advancedConfiguration.label":"Advanced configuration","users.identifier.label":"Email or username","repository.sessionFactory.dataSource.jdbcUrl.placeholder":"jdbc:mysql://localhost:3306","country.IRQ":"Iraq","field.user_category.desc.0.label":"Customer","aff.values.banned.label":"Banned Values","passwordpolicy.policy.fetch.error":"An unknown error occurred while fetching the current password policy","dpp.enable.successful":"Privacy Policy is successfully enabled.","country.THA":"Thailand","country.MYS":"Malaysia","field.student_educationlevel.desc.3.label":"Graduate / PHD / Engineering School","repository.dao.userDn.placeholder":"admin","country.GMB":"Gambia","oauth.proxy.clientId.label":"Client ID","commons.label.ip":"IP","repository.configuration.panel.title":"Repository configuration","field.voucher.label":"Voucher Number","filter.max.message":"Maximum of different values:","ip.headername.update.ko":"Error while updating header name","repository.creation.error":"Error while creating repository","field.context_use.label":"Context to use the DS identity","country.MYT":"Mayotte","saml.signingAlgorithm.label":"Signing Algorithm","logs.header.date":"Date","admin-tools.label.edit":"Edit","admin-tools.home.password.policy.renewal.msg":"Password renewal policy","users.lastName.label":"Lastname","commons.action.send":"Send","scheduledTask.panel.edit":"Edit task","oauth.proxy.privateKey.label":"Client Secret","admin-tools.logs.column.user":"User","logs.tooltip.eye.header":"Close story line","country.VIR":"Virgin Islands (U.S.)","fraud.temporary.description":"Enter an end date and click on \"Validate\" below to allow yourself to connect from this new location until the date you selected.","field.sitecountry.label":"Site Country","security.question.middle.name":"What is your middle name?","filter.action.label":"Action","field.gender.desc.1.label":"Ms.","filter.values.message":"Values:","field.3dswymer.newsletter.registration.more":"Keep me updated on 3DSwYmer's progress via email","field.scheduledTask.int2.placeholder":"20","antithrot.exp.initPer.label":"Initial Blocking Period (in milliseconds)","bad.totp.code":"The code you entered is wrong.","commons.antifraud.management":"Fraud Detection Management","country.GLP":"Guadeloupe","admin-tools.home.services.msg":"Administrate Services configuration. Define fields and constraints.","field.user_category.desc.5.label":"Technology Partner","field.scheduledTask.int1.placeholder":"10","email.validation.request.sent.ko":"An error occured while trying to generate a new email.","severity.important.tooltip":"Includes FATAL, ERROR, WARN and IMPORTANT levels","3dxp.login.title":"Login to 3DEXPERIENCE Platform","saml.bindingOpt.label":"Binding options","field.scope.label":"Scope","antithrot.exp.maxFail.label":"Maximum authorized failures","filter.simConnection.message":"Simulataneous connections:","field.crm_ctctou.label":"Terms of Use","error.register.failed.permanently":"You cannot create an account with your information","importusers.import.success":"All users were successfully imported","field.office_location.label":"Office Location","aff.ip.label":"IP","field.password.old.label":"Old Password","country.MWI":"Malawi","userservice.async.executor.label":"Asynchronous Task Executor","idp.activated.label":"Enabled","logs.filter.advanced":"Advanced","password.update.error":"Update password failed","users.fields.label":"Fields","country.EGY":"Egypt","users.zip.label":"Post code","rule.pwd.allow.lastName":"Should not contain your lastname","country.CCK":"Cocos (Keeling) Islands","repository.userPopulator.xxx_PasswordCreationTime.placeholder":"Password","users.country.label":"Country","country.IOT":"British Indian Ocean Territory","saml.idp.contactid.label":"ID Contact","field.project_description__dxml.label":"3DXML project description","repository.allowDelete.label":"Allow deletion","2fa.forced.label":"Force users to use 2-Factor Authentication","2fa.allow.trusted.computers.successful":"Users can now define trusted computers for 2-Factor Authentication purposes","repository.getTemplate.template.response.label":"Get user response template","userservice.defaultLanguage.update.ok":"Default language successfully updated","message.number.of.logs":"{0} log entries match the current filter.","ks.certificate.added.ko":"An error occurred while adding the certificate","country.IND":"India","field.idval.code.email.label":"Enter the code you received by email.","repository.dao.attributesMapper.inactiveCode.placeholder":"Code","remoteLogInProfile.allow.label":"Allow remote log in","2fa.forbid.trusted.computers.successful":"Users cannot define anymore trusted computers for 2-Factor Authentication purposes","3dxp.profile.title":"My 3DEXPERIENCE ID","commons.label.ack":"Ack","2fa.deactivated.description.3":"1) Download a TOTP-compliant application like Google Authenticator on Android or DuoMobile on iOS","2fa.deactivated.description.4":"2) Select a set of questions that we will ask you during the recovery process","2fa.deactivated.description.1":"You have not enabled 2-Factor Authentication.","rule.pwd.minDigits":"Must contain at least {0} digit(s)","password.too.short":"Your password is too short. It should contain at least {1} characters (yours has only {0}).","2fa.deactivated.description.2":"To enable it please click on \"Activate\" below. You will have to","field.client_id.label":"Client ID","country.GIB":"Gibraltar","admin-tools.lockout.users.title":"Locked out users","repository.builder.mandatory":"Please select a builder for your repository","saml.identityProvider.label":"Identity provider","message.update.error":"Error while updating","saml.idpOpt.label":"Identity provider options","twoStepAuth.profile.title":"Two-step Authentication Information","lang.ru":"Pусский","admin.users.reset.pwd.select.username":"Select a user","admin-tools.general.label":"General","field.scheduledTask.bean2.label":"Bean 2","field.privacypolicy.label":"Privacy Policy","password.policy.remindUserBefore.format.error":"'Remind user before' should be a positive integer","commons.not.registered":"Not registered?","logs.header.type":"Type","country.TCA":"Turks and Caicos Islands","admin-tools.home.repositories.title":"Repositories","ip.headername.update.ok":"Header name updated successfully","country.VGB":"Virgin Islands (British)","admin_tools.createService":"Create a new service","country.CAN":"Canada","ks.activation.deactivated":"Keystore disabled","commons.action.cancel":"Cancel","country.TCD":"Chad","country.MUS":"Mauritius","config.forgetPassword.activate.successful":"Users can now reset their password","ks.new.certificate":"Base64 certificate value","country.CAF":"Central African Republic","field.reg_number.label":"Company Registration Number","country.GIN":"Guinea","field.rememberme.label":"Remember me","admin-tools.home.antithrottling.blocked.msg":"Handle blocked requests","admin-tools.logs.column.message":"Message","field.social_tou.desc.0.label":"I accept the Terms of Use and the Data Privacy Policy","country.GHA":"Ghana","batchservices.trusted.mode.activation.title":"Trusted mode (Legacy X.509 method)","repository.repoTitle.label":"Available repositories","security.questions.must.be.different":"Questions must be different","remoteLogIn.button.link.profile":"Remote Log In","admintools.users.general":"General information","country.VEN":"Venezuela","admin-tools.home.social.msg":"View and modify Social Login settings.","email.validation.request.sent.ok":"An email has been sent. Please follow the instructions in this email to validate your new email address.","activation.email.outdated":"The activation link that you followed is not valid","passwordpolicy.policy.update.error":"An error occurred while updating the password policy","aff.send-email-confirmation.label":"Send email confirmation","field.firstName.label":"First name","country.MTQ":"Martinique","repository.deletion.successful":"Repository successfully disabled","repository.sessionFactory.dataSource.password.placeholder":"Password","commons.login.welcome":"Welcome","rule.pwd.minLetters":"Must contain at least {0} letter(s)","batchservices.generated.secret.modal.title":"Generated secret","antithrottling.block.params.delete.ko":"An error occurred while deleting the blocking parameters","login.ticket.expired":"Log in session has expired","admin-tools.home.section.inclusive":"Inclusive","ks.pkcs12.value.label":"Base64-encoded value of the PKCS12 which contains the key to import","field.social_newsletter.label":"3DSwYmer newsletter registration","field.user_category.desc.2.label":"Journalist / Industry Analyst","supportedNameIds.persistent":"Persistent","config.forceLowerCase.off":"Users' username will not be lowercased anymore","type.pkcs12":"PKCS12","commons.action.check":"Check","field.multisite.siteid.label":"Site ID","admin-tools.home.sso.title":"SSO","filter.browser.label":"Browser","password.policy.allowPasswordWithFirstname.label":"Allow password to contain first name","country.ECU":"Ecuador","admin-tools.home.trust.store.title":"Trust Store","batchservices.generated.secret.modal.close.button":"I have saved the secret","2fa.questions.panel.first.question":"First question","field.address_billing.label":"Billing Address","country.ZMB":"Zambia","country.KOR":"Republic of Korea","fraud.uuid.notfound":"Unknown error","admin-tools.home.general.title":"General","country.MSR":"Montserrat","actions.send-email-confirmation":"Send warning email","country.VCT":"St Vincent and the Grenadines","field.user_category.desc.3.label":"Business Partner","repository.editrepository.panel.title":"Edit repository","country.KNA":"Saint Kitts and Nevis","saml.idp.address.label":"Address","logs.search.title":"Search logs","field.to.label":"To date","logs.results.title":"Results","repository.repo.label":"Repository","notifications.admin.disable.ok.label":"Enforcing email validation for admins has been successfully disabled.","users.not.found":"User not found","severity.error.tooltip":"Includes FATAL and ERROR levels","password.policy.ageMin.greater.ageLimit.error":"The maximum age of the passwords must be greater than the minimum age","admin-tools.home.repositories.msg":"View, modify and remove the repositories currently used.","syncFrequencyType.unknown":"The frequency type must be one of \"Once\", \"Every time\" and \"Custom\"","repository.sessionFactory.dataSource.username.placeholder":"username","idp.gplus":"Google","2fa.displayAndValidate.panel.title":"2-Factor Authentication Activation","fraud.permanent.description":"Click on \"Validate\" below to permanently allow yourself to connect from this new location.","password.policy.renewal.title":"Password renewal policy","country.MRT":"Mauritania","admin-tools.home.lockout.manage.msg":"Handle locked out users","field.telephone.label":"Phone","tgtToDev.label":"Associate the CASTGC cookie to the device","field.scheduledTask.int2.label":"Int 2","saml.metadata.alias.mandatory":"Alias is a mandatory field","password.reset.error":"An error occurred while resetting password","configuration.update.error":"An error occurred while updating the configuration","lockout.panel.title":"Lockout","repository.connectionTimeout.label":"Connection timeout","lockout.users.no.results":"No locked out users","2fa.activation.mandatory.after.register":"You must enable 2-Factor Authentication to proceed with your account creation","account.field.deleted.hint.message":"This field value has been deleted and archived and cannot be used for new registration until it is released by clicking on the \"Recover Account\" button.","antithrot.exp.basedIP.label":"Based on IP","repository.syncFrequency.placeholder":"10","saml.ssobinding_SSO_PAOS.label":"SSO PAOS","ks.activation.activated":"Keystore enabled","type.certificate":"X.509 Certificate","country.GEO":"Georgia","email.validation.cancel":"The registration has been successfully canceled.","logs.search.no.results":"No log entry matches the criteria","error.register.rejected":"Your registration for this service has been rejected, you cannot access it.","saml.metadata.generation.ssobindings.default.mandatory":"You have to select your default SSO binding","repository.authenticateTemplate.mediaType.label":"Authentication request type","oauth.proxy.state.label":"OAuth Proxy","twoStep.header.label":"2-Factor Authentication","ssltlsHostnameVerification.allowAll":"Disable Hostname Verification (Skip verification for all)","field.scheduledTask.int1.label":"Int 1","repository.endpoint.label":"WebService endpoint","peer.up.block.successful":"The device '{0}' won't be allowed to perform remote log in","password.not.enough.digits":"Your password does not contain enough digits. It should contain at least {1} digits (yours has only {0}).","filter.nameColumn.label":"Name","field.language.label":"Display language","country.MOZ":"Mozambique","scheduledtask.thead.schedule":"Schedule","commons.action.proceed":"Proceed","repository.dao.userDn.label":"Distinguished name of the LDAP user","saml.idp.company.label":"Company","field.exchange_code_url.label":"Exchange Code URL","repository.syncWithTech.label":"Synchronize users' data","saml.ks.writable.title":"Dynamic certificates","antithrottling.block.params.delete.ok":"Blocking parameters successfully deleted","country.VAT":"Holy See (Vatican City State)","field.logs.skippedTags.label":"Tags to skip","aff.conditions.label":"Conditions","repository.rollback.error":"Error while rollbacking the repository configuration","ks.alias.required":"Please enter an alias","commons.action.log.again":"Click here to log in again","admin-tools.home.services.title":"Services","field.stopAuthOnFirstHit.label":"Stop authentication on first successful authentication","saml.deactivation.ok":"SAML successfully disabled. If you want to enable accounts creation and password reset please go to the Repositories menu.","saml.fieldsToUpdate.format.error":"Fields to synchronize from SAML assertion should be a list of field names","logs.filter.placeholder":"Search logs by username or email","saml.enableIDPDiscovery.label":"Enable IDP Discovery profile","field.license_agreement_sc.label":"Student License Agreement","field.county_billing.label":"County / District","field.passwordCleaner.emailBean":"Name of the service bean used to send emails","field.city.label":"City","repository.dao.attributesMapper.activeCode.label":"Code of active users","field.address_list_selected.label":"Address List Selected","metadata.tooltip.title":"Configure metadata","repository.mapping.label":"Attributes mapping","field.passwordCreationTime.label":"Password creation time","admin-tools.batchservices.label":"Batch Services","country.MNG":"Mongolia","repository.remove.error":"Error while deleting repository from DB","saml.deactivatiob.error":"Error while disabling SAML","logs.filter.removeButton":"Delete logs","country.MNE":"Montenegro","password.not.enough.upper":"Your password does not contain enough upper case letters. It should contain at least {1} upper case characters (yours has only {0}).","field.activeOAuthGateway.label":"Enable OAuth Gateway","field.scheduledTask.bean3.placeholder":"passwordPolicyService","repository.dao.baseenvtprops.com.sun.jndi.ldap.read.timeout.label":"Read timeout (in milliseconds)","peer.up.choose.hash":"The link you followed is broken","country.GBR":"United Kingdom","password.dont.match":"Password and confirm password don't match","field.eppcompany.label":"EPP Company","country.MNP":"Northern Mariana Islands","twoStep.allowUser.label":"Allow users to use 2-Factor Authentication","field.rules_regulations_sd.desc.0.label":"I fully agree with the contest rules and regulations shown above","field.hint.only.alphanum":"Must contain only alphabetic or numeric characters.","userPopulator.xxx_PasswordCreationTime.format.error":"'Password Creation Time' should be <nameOfTheAttribute> (* | / <number>)","saml.idp.add.ok":"Identity provider successfully updated","ks.panel.title":"Trust store","batchservices.delete.success":"Batch service successfully deleted","repository.action.unknown":"Please, create a repository or update/delete an existing one","ks.pkcs12.instructions":"Import your private key and its public key into a PKCS12 keystore. Enter the alias of the key as it is in your PKCS12 keystore in the field 'New entity alias' below, the base64-encoded content of your PKCS12 file in the field 'Base64-encoded value of the PKCS12 which contains the key to import' below and the passwords you use at the creation of your keystore.","country.SYC":"Seychelles","repository.userPopulator.xxx_PasswordCreationTime.label":"Password last update time name in your LDAP","field.user_category.desc.7.label":"Freelance","country.MMR":"Myanmar","commons.action.saveAsDraft":"Save as draft","repository.getTemplate.template.request.label":"Get user request template","sorting.sortDesc":"Descending","rule.pwd.allow.username":"Should not contain your username","country.KIR":"Kiribati","error.idvalidation.code.empty":"Please enter a code","fraud.email.instructions.sent":"Logging you at this moment requires extra steps. Please refer to the instructions that have been sent to you.","commons.label.user":"User","config.headers.retrieve.error":"Error while retrieving the list of extra HTTP headers","password.level.high":"High","country.GAB":"Gabon","saml.ssobinding_SSO_POST.label":"SSO HTTP-POST","field.zone_billing.label":"Billing State/province","country.SYR":"Syrian Arab Republic","password.policy.minimumLength.format.error":"Minimum length must be a strictly positive number","country.BVT":"Bouvet Island","2fa.security.answers.check.wrong":"Your answers are wrong","aff.values.allowed.label":"Allowed Values","field.task.labelFrequency":"Task frequency","lang.zh":"中文","admin-tools.home.antithrottling.msg":"Block bots that try to brute force users' credentials.","saml.metadata.generation.ssobindings.mandatory":"You have to choose at least one SSO binding","country.KGZ":"Kyrgyzstan","fraud.error.usersite.unknown":"Unknown error","field.newsletterRegistration.desc.0.label":"Check if you want to register to our newsletter","country.IDN":"Indonesia","country.KHM":"Cambodia","label.taskType.SkeyCleaner":"Skey Cleaner","country.MLT":"Malta","ssltlsHostnameVerification.strict":"Strict Hostname Verifier","password.about.to.expire.tomorrow":"Your password will expire tomorrow.","field.user_category.desc.8.label":"DS Group","country.MLI":"Mali","admin-tools.trustStore.label":"Trust store","remoteLogIn.activate.ok":"2-Factor Authentication enabled","field.employee.label":"Employee","country.BWA":"Botswana","logs.filter.clearButton":"Clear filter","field.academy_card_number.tooltip":"If you received a 3DS Academy flyer during an event or from your teacher, please enter its number in the registration form: a number will be drawn on the first of each month. Winners will receive prizes from Dassault Syst�mes!","country.SWE":"Sweden","batchservices.remove.modal.title":"Remove batch service","field.zone.label":"State/province","password.policy.ageMin.label":"Minimum age (in days)","country.MKD":"Fmr Yugoslav Rep of Macedonia","field.student_id.label":"Proof of academic status","field.educator.proof.of.academic.status.more":"A proof of academic status can be either a dated Educator ID Card, or a letter from institution on institution letterhead. (Please attach a scan or a photo of your proof of educator status in gif, jpg, tif, bmp, png or pdf format, up to 5 MB).","idp.dropbox":"Dropbox","country.SWZ":"Swaziland","3dxp.idvalidation.accessControl":"3DEXPERIENCE Platform - Access Control","country.DZA":"Algeria","users.telephone.label":"Phone number","repository.success.connection":"Success test connection: {0}","2fa.questions.panel.intro":"Please select two personal questions and create one of your own. You will have to answer one of these questions if you lose your 2-Factor Authentication credentials.","error.authentication.credentials.bad":"Incorrect username/email or password","commons.action.logIn":"Log in","field.user_category.desc.9.label":"3D Hobbyist","dpp.pp.url.ko":"Invalid Privacy Policy URL","field.scheduledTask.int3.label":"Int 3"},"size":1482}