[{"submenu":[{"slideinWidth":null,"label":"Create Issue","targetLocation":"slidein","type":"command","url":"../common/emxCreate.jsp?type=type_Issue&typeChooser=true&ReloadOpener=true&header=emxComponents.Heading.IssueCreate&form=type_CreateIssue&nameField=autoName&HelpMarker=emxhelpissuecreate&showApply=true&submitAction=treeContent&StringResourceFileId=emxComponentsStringResource&suiteKey=Components&postProcessJPO=emxCommonIssue%3AupdateIssueDetails&postProcessURL=..%2Fcomponents%2FemxIssueCreateProcess.jsp&fromGlobalActionToolbar=true&preProcessJavaScript=issueCreatePreProcess&suiteKey=Components&StringResourceFileId=emxComponentsStringResource&SuiteDirectory=components&widgetId=null&targetLocation=slidein","isPopupModal":true}],"slideinWidth":null,"label":"Issues","type":"menu","url":null,"isPopupModal":false},{"slideinWidth":null,"label":"Create New","targetLocation":"slidein","type":"command","url":"../common/emxCreate.jsp?form=TMCWorkspaceCreate&header=emxTeamCentral.Workspace.CreateNewWorkspace&createJPO=emxWorkspace%3AcreateWorkspaceProcess&HelpMarker=emxhelpcreatenewworkspace&postProcessURL=..%2Fteamcentral%2FemxTeamCreateWorkspacePostProcess.jsp&findMxLink=false&submitAction=doNothing&policy=policy_Project&type=type_Project&showPolicy=false&suiteKey=TeamCentral&StringResourceFileId=emxTeamCentralStringResource&SuiteDirectory=teamcentral&widgetId=null&targetLocation=slidein","isPopupModal":true},{"submenu":[{"slideinWidth":null,"label":"Create Product Line","targetLocation":"slidein","type":"command","url":"../productline/ProductLineCreatePreProcess.jsp?strCreationType=type_ProductLine&HelpMarker=emxhelpproductlinecreate&UIContext=GlobalActions&suiteKey=ProductLine&StringResourceFileId=emxProductLineStringResource&SuiteDirectory=productline&widgetId=null&targetLocation=slidein","isPopupModal":true},{"slideinWidth":null,"label":"Create Model","targetLocation":"popup","type":"command","url":"../common/emxCreate.jsp?type=type_Model&typeChooser=true&autoNameChecked=false&nameField=both&form=type_CreateModel&header=emxProduct.Heading.ModelCreate&HelpMarker=emxhelpmodelcreate&submitAction=treeContent&UIContext=GlobalActions&postProcessJPO=emxModel%3AcopyModelAttributesToProduct&policy=policy_Model&suiteKey=ProductLine&StringResourceFileId=emxProductLineStringResource&SuiteDirectory=productline&widgetId=null&targetLocation=popup","isPopupModal":true},{"slideinWidth":null,"label":"Create Product","targetLocation":"popup","type":"command","url":"../common/emxCreate.jsp?type=type_CPGProduct&typeChooser=false&autoNameChecked=false&nameField=both&form=type_CreateProduct&header=emxProduct.Heading.ProductCreate&HelpMarker=emxhelpproductcreate&submitAction=treeContent&UIContext=GlobalActions&postProcessJPO=emxProduct%3AcopyProductAttributesToModel&appendFields=pgIPSecurityClassificationCreatePage&policy=policy_Product&suiteKey=ProductLine&StringResourceFileId=emxProductLineStringResource&SuiteDirectory=productline&widgetId=null&targetLocation=popup","isPopupModal":true},{"slideinWidth":null,"label":"Create Build","targetLocation":"popup","type":"command","url":"../common/emxCreate.jsp?type=type_SoftwareBuild%2Ctype_Builds&autoNameChecked=true&typeChooser=true&nameField=both&vaultChooser=true&form=PLCCreateBuildForm&header=emxProduct.Heading.BuildCreate&HelpMarker=emxhelpbuildcreate&createContext=Actions&submitAction=treeContent&multiBuildCreation=true&relationship=null&postProcessURL=..%2Fproductline%2FBuildCreatePostProcess.jsp&suiteKey=ProductLine&StringResourceFileId=emxProductLineStringResource&SuiteDirectory=productline&widgetId=null&targetLocation=popup","isPopupModal":true}],"slideinWidth":null,"label":"Product Line","type":"menu","url":null,"isPopupModal":false},{"submenu":[{"slideinWidth":null,"label":"Create Logical Feature","targetLocation":"popup","type":"command","url":"../common/emxCreate.jsp?type=type_LogicalFeature&autoNameChecked=false&vaultChooser=false&typeChooser=true&showApply=true&nameField=both&form=FTRCreateLogicalFeature&header=emxConfiguration.Heading.CreateLogicalFeature&relationship=null&submitAction=treeContent&HelpMarker=emxhelplogicalfeaturecreate&policy=policy_LogicalFeature&appendFields=pgIPSecurityClassificationCreatePage&suiteKey=Configuration&StringResourceFileId=emxConfigurationStringResource&SuiteDirectory=configuration&widgetId=null&targetLocation=popup&popupSize=MediumTall","isPopupModal":true},{"slideinWidth":null,"label":"Create Manufacturing Feature","targetLocation":"popup","type":"command","url":"../common/emxCreate.jsp?type=type_ManufacturingFeature&autoNameChecked=false&typeChooser=true&showApply=true&nameField=both&vaultChooser=false&form=FTRCreateManufacturingFeature&header=emxConfiguration.Heading.CreateManufacturingFeature&relationship=null&submitAction=treeContent&HelpMarker=emxhelpmanufacturingfeaturecreate&policy=policy_ManufacturingFeature&suiteKey=Configuration&StringResourceFileId=emxConfigurationStringResource&SuiteDirectory=configuration&widgetId=null&targetLocation=popup&popupSize=MediumTall","isPopupModal":true},{"slideinWidth":null,"label":"Create Configuration Feature","targetLocation":"popup","type":"command","url":"../common/emxCreate.jsp?type=type_ConfigurationFeature&typeChooser=false&showApply=true&autoNameChecked=false&nameField=both&vaultChooser=false&form=type_ConfigurationFeatureCreate&header=emxConfiguration.Form.Heading.FeatureCreate&HelpMarker=emxhelpconfigurationfeaturecreate&postProcessURL=..%2Fconfiguration%2FConfigurationFeatureCreatePostProcess.jsp&UIContext=GlobalActions&policy=policy_ConfigurationFeature&appendFields=pgIPSecurityClassificationCreatePage&submitAction=none&suiteKey=Configuration&StringResourceFileId=emxConfigurationStringResource&SuiteDirectory=configuration&widgetId=null&targetLocation=popup&popupSize=MediumTall","isPopupModal":true},{"slideinWidth":null,"label":"Create Configuration Option","targetLocation":"popup","type":"command","url":"../common/emxCreate.jsp?type=type_ConfigurationOption&typeChooser=false&autoNameChecked=false&showApply=true&nameField=both&vaultChooser=false&submitAction=none&form=type_ConfigurationOptionCreate&header=emxConfiguration.Form.Heading.OptionCreate&HelpMarker=emxhelpconfigurationoptioncreate&postProcessURL=..%2Fconfiguration%2FConfigurationFeatureCreatePostProcess.jsp&UIContext=GlobalActions&policy=policy_ConfigurationOption&suiteKey=Configuration&StringResourceFileId=emxConfigurationStringResource&SuiteDirectory=configuration&widgetId=null&targetLocation=popup&popupSize=MediumTall","isPopupModal":true}],"slideinWidth":null,"label":"Variant Management","type":"menu","url":null,"isPopupModal":false},{"submenu":[{"slideinWidth":null,"label":"Import EBOM","targetLocation":"slidein","type":"command","url":"../engineeringcentral/importBOMFromExcelFS.jsp?commandName=ENCImportEBOM&suiteKey=EngineeringCentral&StringResourceFileId=emxEngineeringCentralStringResource&SuiteDirectory=engineeringcentral&widgetId=null&targetLocation=slidein","isPopupModal":true},{"submenu":[{"slideinWidth":"550","label":"Create Part","targetLocation":"slidein","type":"command","url":"../common/emxCreate.jsp?nameField=both&form=type_CreatePart&header=emxEngineeringCentral.PartCreate.FormHeader&type=type_Part&multiPartCreation=true&StringResourceFileId=emxEngineeringCentralStringResource&SuiteDirectory=engineeringcentral&submitAction=treeContent&postProcessURL=..%2Fengineeringcentral%2FPartCreatePostProcess.jsp&createMode=ENG&createJPO=emxPart%3AcreatePartJPO&preProcessJavaScript=preProcessInCreatePart&HelpMarker=emxhelppartcreate&typeChooser=true&InclusionList=type_Part&ExclusionList=type_ManufacturingPart%2Ctype_ShopperProduct%2Ctype_POA%2Ctype_Trim%2Ctype_Label%2Ctype_Packaging%2Ctype_RawGoods%2Ctype_HardGoodsMaterial%2Ctype_TBD%2Ctype_Fabric%2Ctype_Finishings%2Ctype_GraphicPart&suiteKey=EngineeringCentral&StringResourceFileId=emxEngineeringCentralStringResource&SuiteDirectory=engineeringcentral&widgetId=null&targetLocation=slidein","isPopupModal":true},{"slideinWidth":"550","label":"Clone Part","targetLocation":"slidein","type":"command","url":"../common/emxCreate.jsp?nameField=both&typeChooser=true&header=emxEngineeringCentral.Part.ClonePart&createJPO=emxPart%3AcheckLicenseAndCloneObject&form=ENCClonePart&suiteKey=EngineeringCentral&HelpMarker=emxhelppartclone&multiPartCreation=true&createMode=ENG&submitAction=treeContent&postProcessURL=..%2Fengineeringcentral%2FPartCreatePostProcess.jsp&type=type_Part&postProcessJPO=emxPart%3ApostProcessForClonePart&preProcessJavaScript=preProcessInCreatePartClone&suiteKey=EngineeringCentral&StringResourceFileId=emxEngineeringCentralStringResource&SuiteDirectory=engineeringcentral&widgetId=null&targetLocation=slidein","isPopupModal":true},{"slideinWidth":null,"label":"Create Part Family","targetLocation":"slidein","type":"command","url":"../common/emxCreate.jsp?form=type_CreatePartFamily&type=type_PartFamily&policy=policy_PartFamily&typeChooser=true&submitAction=treeContent&header=emxEngineeringCentral.DesignTOP.CreatePartFamily&createJPO=emxPartFamily%3AcreatePartFamilyJPO&HelpMarker=emxhelppartfamilycreate&suiteKey=EngineeringCentral&StringResourceFileId=emxEngineeringCentralStringResource&SuiteDirectory=engineeringcentral&widgetId=null&targetLocation=slidein","isPopupModal":true}],"slideinWidth":null,"label":"Part","type":"menu","url":null,"isPopupModal":false},{"submenu":[{"slideinWidth":null,"label":"Create CAD Model","targetLocation":"slidein","type":"command","url":"../common/emxCreate.jsp?form=type_CreateSpecification&type=type_CADModel&policy=policy_CADModel&nameField=both&typeChooser=true&submitAction=treeContent&header=emxFramework.Shortcut.CreateCADModel&HelpMarker=emxhelpcadmodelcreate&postProcessJPO=emxPart%3AperformPostProcessConnect&preProcessJavaScript=preProcessInCreateSpec&createJPO=emxECPartBase%3AcreateSpecification&suiteKey=EngineeringCentral&StringResourceFileId=emxEngineeringCentralStringResource&SuiteDirectory=engineeringcentral&widgetId=null&targetLocation=slidein","isPopupModal":true},{"slideinWidth":null,"label":"Create CAD Drawing","targetLocation":"slidein","type":"command","url":"../common/emxCreate.jsp?form=type_CreateSpecification&type=type_CADDrawing&policy=policy_CADDrawing&nameField=both&typeChooser=true&submitAction=treeContent&header=emxFramework.Shortcut.CreateCADDrawing&HelpMarker=emxhelpcaddrawingcreate&postProcessJPO=emxPart%3AperformPostProcessConnect&preProcessJavaScript=preProcessInCreateSpec&createJPO=emxECPartBase%3AcreateSpecification&suiteKey=EngineeringCentral&StringResourceFileId=emxEngineeringCentralStringResource&SuiteDirectory=engineeringcentral&widgetId=null&targetLocation=slidein","isPopupModal":true},{"slideinWidth":null,"label":"Create Drawing Print","targetLocation":"slidein","type":"command","url":"../common/emxCreate.jsp?form=type_CreateSpecification&type=type_DrawingPrint&policy=policy_DrawingPrint&nameField=both&typeChooser=true&submitAction=treeContent&header=emxFramework.Shortcut.CreateDrawingPrint&HelpMarker=emxhelpdrawingprintcreate&postProcessJPO=emxPart%3AperformPostProcessConnect&preProcessJavaScript=preProcessInCreateSpec&createJPO=emxECPartBase%3AcreateSpecification&suiteKey=EngineeringCentral&StringResourceFileId=emxEngineeringCentralStringResource&SuiteDirectory=engineeringcentral&widgetId=null&targetLocation=slidein","isPopupModal":true},{"slideinWidth":null,"label":"Create Sketch","targetLocation":"slidein","type":"command","url":"../common/emxCreate.jsp?form=type_CreateSketch&type=type_Sketch&nameField=autoname&typeChooser=true&submitAction=treeContent&header=emxFramework.Shortcut.CreateSketch&HelpMarker=emxhelpsketchcreate&preProcessJavaScript=preProcessInCreateSketch&suiteKey=EngineeringCentral&StringResourceFileId=emxEngineeringCentralStringResource&SuiteDirectory=engineeringcentral&widgetId=null&targetLocation=slidein","isPopupModal":true}],"slideinWidth":null,"label":"Specifications","type":"menu","url":null,"isPopupModal":false},{"submenu":[{"slideinWidth":null,"label":"Metrics Report","targetLocation":"popup","type":"command","url":"../engineeringcentral/emxengchgMetricsReportDialogFS.jsp?suiteKey=EngineeringCentral&StringResourceFileId=emxEngineeringCentralStringResource&SuiteDirectory=engineeringcentral&widgetId=null&targetLocation=popup","isPopupModal":true}],"slideinWidth":null,"label":"Report","type":"menu","url":null,"isPopupModal":false}],"slideinWidth":null,"label":"Engineering","targetLocation":"content","type":"menu","url":"&targetLocation=content","isPopupModal":false},{"submenu":[{"slideinWidth":null,"label":"Create Program","targetLocation":"slidein","type":"command","url":"../common/emxCreate.jsp?type=type_Program&typeChooser=false&nameField=keyin&form=PMCProgramCreateForm&header=emxProgramCentral.Common.CreateProgram&HelpMarker=emxhelpprogramcreatedialog&submitAction=treeContent&postProcessJPO=emxProgram%3AconnectCompany&findMxLink=false&suiteKey=ProgramCentral&StringResourceFileId=emxProgramCentralStringResource&SuiteDirectory=programcentral&widgetId=null&targetLocation=slidein","isPopupModal":true},{"submenu":[{"slideinWidth":null,"label":"Create New","targetLocation":"popup","type":"command","url":"../common/emxCreate.jsp?typeChooser=true&SelectType=single&ReloadOpener=true&nameField=both&autoNameChecked=false&type=type_ProjectSpace&policy=policy_ProjectSpace&form=PMCCreateBlankProjectForm&mode=create&createJPO=emxProjectSpace%3AcreateNewProject&postProcessJPO=emxProjectSpace%3AcreateAndConnectProject&postProcessURL=..%2Fprogramcentral%2FemxProgramCentralUtil.jsp%3Fmode%3DlaunchProject&submitAction=nothing&HelpMarker=emxhelpprojectdetailsspecify&findMxLink=false&showPageURLIcon=false&suiteKey=ProgramCentral&StringResourceFileId=emxProgramCentralStringResource&SuiteDirectory=programcentral&preProcessJavaScript=setFocusOnNameField&header=emxProgramCentral.Common.Project.BlankHeader&createProject=Blank&suiteKey=ProgramCentral&StringResourceFileId=emxProgramCentralStringResource&SuiteDirectory=programcentral&widgetId=null&targetLocation=popup","isPopupModal":true},{"slideinWidth":null,"label":"Copy From","targetLocation":"popup","type":"command","url":"../common/emxCreate.jsp?typeChooser=true&SelectType=single&ReloadOpener=true&nameField=both&autoNameChecked=false&type=type_ProjectSpace&policy=policy_ProjectSpace&form=PMCCreateProjectFromExistingObjectForm&mode=create&createJPO=emxProjectSpace%3AcreateNewProject&postProcessJPO=emxProjectSpace%3AcreateAndConnectProject&postProcessURL=..%2Fprogramcentral%2FemxProgramCentralUtil.jsp%3Fmode%3DlaunchProject&submitAction=nothing&HelpMarker=emxhelpprojectdetailsspecify&findMxLink=false&showPageURLIcon=false&showPageHeader=false&hideHeader=true&suiteKey=ProgramCentral&StringResourceFileId=emxProgramCentralStringResource&SuiteDirectory=programcentral&header=emxProgramCentral.Common.Project.CopyHeader&preProcessJavaScript=setFocusOnSearchField&createProject=Clone&suiteKey=ProgramCentral&StringResourceFileId=emxProgramCentralStringResource&SuiteDirectory=programcentral&widgetId=null&targetLocation=popup","isPopupModal":true},{"slideinWidth":null,"label":"Import From","targetLocation":"popup","type":"command","url":"../common/emxCreate.jsp?typeChooser=true&SelectType=single&ReloadOpener=true&nameField=both&autoNameChecked=false&type=type_ProjectSpace&policy=policy_ProjectSpace&form=PMCCreateProjectFromFileForm&mode=create&createJPO=emxProjectSpace%3AcreateNewProject&postProcessJPO=emxProjectSpace%3AcreateAndConnectProject&postProcessURL=..%2Fprogramcentral%2FemxProgramCentralUtil.jsp%3Fmode%3DlaunchImportProject&submitAction=nothing&HelpMarker=emxhelpprojectdetailsspecify&findMxLink=false&showPageURLIcon=false&suiteKey=ProgramCentral&StringResourceFileId=emxProgramCentralStringResource&SuiteDirectory=programcentral&preProcessJavaScript=disablePreviewButton&header=emxProgramCentral.Common.Project.ImportHeader&createProject=Import&suiteKey=ProgramCentral&StringResourceFileId=emxProgramCentralStringResource&SuiteDirectory=programcentral&widgetId=null&targetLocation=popup","isPopupModal":true},{"slideinWidth":null,"label":"From Template","targetLocation":"popup","type":"command","url":"../common/emxCreate.jsp?typeChooser=true&SelectType=single&ReloadOpener=true&nameField=both&autoNameChecked=false&type=type_ProjectSpace&policy=policy_ProjectSpace&form=PMCCreateProjectFromTemplateForm&mode=create&createJPO=emxProjectSpace%3AcreateNewProject&postProcessJPO=emxProjectSpace%3AcreateAndConnectProject&postProcessURL=..%2Fprogramcentral%2FemxProgramCentralUtil.jsp%3Fmode%3DlaunchProject&submitAction=nothing&toolbar=&findMxLink=false&showPageURLIcon=false&suiteKey=ProgramCentral&StringResourceFileId=emxProgramCentralStringResource&SuiteDirectory=programcentral&emxSuiteDirectory=programcentral&preProcessJavaScript=disableRTF&header=emxProgramCentral.Common.Project.TemplateHeader&createProject=Template&HelpMarker=emxhelpprojectdetailsspecify&suiteKey=ProgramCentral&StringResourceFileId=emxProgramCentralStringResource&SuiteDirectory=programcentral&widgetId=null&targetLocation=popup","isPopupModal":true}],"slideinWidth":null,"label":"Create Project","type":"menu","url":null,"isPopupModal":false},{"slideinWidth":null,"label":"Create Project Concept","targetLocation":"slidein","type":"command","url":"../common/emxCreate.jsp?type=type_ProjectConcept&nameField=keyin&policy=policy_ProjectConcept&vaultChooser=false&form=PMCProjectConceptCreateForm&header=emxProgramCentral.Common.ProjectConcept&HelpMarker=emxhelpprojectconceptcreatedialog&postProcessJPO=emxProjectConcept%3AperformPostProcessActions&mode=create&submitAction=treeContent&findMxLink=false&suiteKey=ProgramCentral&StringResourceFileId=emxProgramCentralStringResource&SuiteDirectory=programcentral&widgetId=null&targetLocation=slidein","isPopupModal":true},{"slideinWidth":null,"label":"Create Business Goal","targetLocation":"slidein","type":"command","url":"../common/emxCreate.jsp?form=PMCBusinessGoalCreateForm&type=type_BusinessGoal&header=emxProgramCentral.Common.CreateNewBusinessGoal&Mode=create&postProcessJPO=emxProgramBusinessGoal%3AcreateAndConnectBusinessGoal&helpMarker=emxhelpbusinessgoalcreatedialog&submitAction=refreshCaller&showApply=true&targetLocation=slidein&suiteKey=ProgramCentral&StringResourceFileId=emxProgramCentralStringResource&SuiteDirectory=programcentral&widgetId=null&targetLocation=slidein","isPopupModal":true},{"slideinWidth":null,"label":"Create Project Template","targetLocation":"slidein","type":"command","url":"../common/emxCreate.jsp?type=type_ProjectTemplate&nameField=None&policy=policy_ProjectTemplate&form=PMCProjectTemplateCreateForm&header=emxProgramCentral.ProgramTop.CreateProjectTemplate&HelpMarker=emxhelpprojecttemplatecreatedialog&postProcessJPO=emxProjectTemplate%3AperformPostProcessActions&submitAction=treeContent&findMxLink=false&suiteKey=ProgramCentral&StringResourceFileId=emxProgramCentralStringResource&SuiteDirectory=programcentral&widgetId=null&targetLocation=slidein","isPopupModal":true},{"slideinWidth":null,"label":"Create GPS Assessment Task","targetLocation":"slidein","type":"command","url":"../common/emxCreate.jsp?typeChooser=false&nameField=autoName&type=type_pgGPSAssessmentTask&form=PMCProjectTaskCreateForm&mode=create&createJPO=pgDSMTaskUtil%3AcreateSimpleTask&preProcessJavaScript=setContextasAssignee&showApply=true&suiteKey=ProgramCentral&StringResourceFileId=emxProgramCentralStringResource&SuiteDirectory=programcentral&submitAction=treeContent&policy=policy_pgGPSAssessmentTask&suiteKey=ProgramCentral&StringResourceFileId=emxProgramCentralStringResource&SuiteDirectory=programcentral&widgetId=null&targetLocation=slidein","isPopupModal":false},{"submenu":[{"slideinWidth":null,"label":"Create New Document","targetLocation":"popup","type":"command","url":"../programcentral/emxProgramCentralDocumentCreatePreProcess.jsp?documentAction=create&fileRequired=false&mode=createNewDocument&suiteKey=ProgramCentral&StringResourceFileId=emxProgramCentralStringResource&SuiteDirectory=programcentral&widgetId=null&targetLocation=popup","isPopupModal":true},{"slideinWidth":null,"label":"Copy From Existing","targetLocation":"popup","type":"command","url":"../common/emxCreate.jsp?type=type_Document&form=pgCreatDocumentFromExistingObjectForm&mode=create&createJPO=pgVT_Util%3AcreateNewDocumentFromExisting&Help=true&HelpMarker=true&findMxLink=false&showPageURLIcon=false&showPageHeader=false&hideHeader=true&suiteKey=ProgramCentral&StringResourceFileId=emxProgramCentralStringResource&SuiteDirectory=programcentral&header=pgProgramCentral.Common.CreateDocument&subHeader=pgProgramCentral.Common.CreateDocumentCopy&suiteKey=ProgramCentral&StringResourceFileId=emxProgramCentralStringResource&SuiteDirectory=programcentral&widgetId=null&targetLocation=popup&ReloadOpener=true&submitAction=treeContent&suiteKey=ProgramCentral&StringResourceFileId=emxProgramCentralStringResource&SuiteDirectory=programcentral&widgetId=null&targetLocation=popup","isPopupModal":true}],"slideinWidth":null,"label":"Create Document","type":"menu","url":null,"isPopupModal":false},{"slideinWidth":null,"label":"GPS Assessment Report","targetLocation":"popup","type":"command","url":"../programcentral/pgIRMExportGPSReportFS.jsp?suiteKey=ProgramCentral&StringResourceFileId=emxProgramCentralStringResource&SuiteDirectory=programcentral&widgetId=null&targetLocation=popup","isPopupModal":true}],"slideinWidth":null,"label":"Projects and Programs","targetLocation":"content","type":"menu","url":"&targetLocation=content","isPopupModal":false},{"submenu":[{"slideinWidth":null,"label":"Create Requirement","targetLocation":"slidein","type":"command","url":"../requirements/SpecificationStructureUtil.jsp?mode=Creation&form=RMTSpecTreeCreateNewRequirement&type=type_Requirement&submitAction=treeContent&header=emxRequirements.Heading.CreateRequirement&suiteKey=Requirements&StringResourceFileId=emxRequirementsStringResource&SuiteDirectory=requirements&widgetId=null&targetLocation=slidein","isPopupModal":true},{"slideinWidth":null,"label":"Create Requirement Specification","targetLocation":"slidein","type":"command","url":"../common/emxCreate.jsp?form=RMTSpecCreation&mode=Creation&header=emxRequirements.ActionLink.CreateStandaloneRequirementSpecification&type=type_SoftwareRequirementSpecification&policy=policy_RequirementSpecification&nameField=program&postProcessJPO=pgVPDRequirementManagement%3AgetConnectionToFolder&autoNameChecked=true&submitAction=treeContent&appendFields=pgIPSecurityClassificationCreatePage&suiteKey=Requirements&suiteKey=Requirements&StringResourceFileId=emxRequirementsStringResource&SuiteDirectory=requirements&widgetId=null&targetLocation=slidein","isPopupModal":true},{"slideinWidth":null,"label":"Create Specifications Folder","targetLocation":"slidein","type":"command","url":"../requirements/SpecificationStructureUtil.jsp?mode=Creation&form=RMTRequirementGroup&type=type_RequirementGroup&submitAction=treeContent&header=emxRequirements.Heading.CreateStandaloneSpecificationsFolder&suiteKey=Requirements&StringResourceFileId=emxRequirementsStringResource&SuiteDirectory=requirements&widgetId=null&targetLocation=slidein","isPopupModal":true}],"slideinWidth":null,"label":"Requirements","type":"menu","url":null,"isPopupModal":false},{"submenu":[{"slideinWidth":null,"label":"Preferences","targetLocation":"hiddenFrame","type":"command","url":"../integrations/DSCGenericActionsUtil.jsp?jsMethodName=createPreferencesPage&suiteKey=DesignerCentral&StringResourceFileId=emxIEFDesignCenterStringResource&SuiteDirectory=iefdesigncenter&widgetId=null&targetLocation=hiddenFrame","isPopupModal":false},{"slideinWidth":null,"label":"Global Preferences","targetLocation":"hiddenFrame","type":"command","url":"../integrations/DSCGenericActionsUtil.jsp?jsMethodName=createGlobalPreferencesPage&suiteKey=DesignerCentral&StringResourceFileId=emxIEFDesignCenterStringResource&SuiteDirectory=iefdesigncenter&widgetId=null&targetLocation=hiddenFrame","isPopupModal":false}],"slideinWidth":null,"label":"X-CAD Design","targetLocation":"content","type":"menu","url":"&targetLocation=content","isPopupModal":false},{"submenu":[{"slideinWidth":null,"label":"Create Artwork Package","targetLocation":"popup","type":"command","url":"../common/emxCreate.jsp?form=AWLForm_ArtworkPackageCreate&policy=policy_ArtworkPackage&type=type_ArtworkPackage&header=emxAWL.Heading.ArtworkPackageCreate&HelpMarker=emxhelpcreateartwork&nameField=autoName&createJPO=AWLArtworkPackageUI%3AcreateArtworkPackage&submitAction=treeContent&objectCompare=false&showClipboard=false&findMxLink=false&suiteKey=AWL&StringResourceFileId=emxAWLStringResource&SuiteDirectory=awl&widgetId=null&targetLocation=popup","isPopupModal":false},{"slideinWidth":null,"label":"Create Master Copy","targetLocation":"slidein","type":"command","url":"../common/emxCreate.jsp?form=type_MasterCopyElement&policy=policy_ArtworkElementContent&createJPO=AWLCopyElementUI%3AcreateMasterCopyElement&nameField=autoName&submitAction=treeContent&preProcessJavaScript=addNewAC%3AcheckAcessForYesOnBuildFromList&showApply=true&suiteKey=AWL&StringResourceFileId=emxAWLStringResource&SuiteDirectory=awl&widgetId=null&targetLocation=slidein","isPopupModal":false},{"slideinWidth":null,"label":"Create Graphic Element","targetLocation":"slidein","type":"command","url":"../awl/emxAWLCommonFS.jsp?functionality=ImageElementCreateFSInstance&context=createImageElement&suiteKey=AWL&StringResourceFileId=emxAWLStringResource&SuiteDirectory=awl&widgetId=null&targetLocation=slidein","isPopupModal":false},{"slideinWidth":null,"label":"AEFSeparator","type":"command","url":null,"isPopupModal":false},{"slideinWidth":null,"label":"Create Product Line","targetLocation":"slidein","type":"command","url":"../productline/ProductLineCreatePreProcess.jsp?strCreationType=type_ProductLine&HelpMarker=emxhelpproductlinecreate&UIContext=GlobalActions&suiteKey=ProductLine&StringResourceFileId=emxProductLineStringResource&SuiteDirectory=productline&widgetId=null&targetLocation=slidein","isPopupModal":true},{"slideinWidth":null,"label":"Create Model","targetLocation":"popup","type":"command","url":"../common/emxCreate.jsp?type=type_Model&typeChooser=true&autoNameChecked=false&nameField=both&form=type_CreateModel&header=emxProduct.Heading.ModelCreate&HelpMarker=emxhelpmodelcreate&submitAction=treeContent&UIContext=GlobalActions&postProcessJPO=emxModel%3AcopyModelAttributesToProduct&policy=policy_Model&suiteKey=ProductLine&StringResourceFileId=emxProductLineStringResource&SuiteDirectory=productline&widgetId=null&targetLocation=popup","isPopupModal":true},{"slideinWidth":null,"label":"Create Product","targetLocation":"popup","type":"command","url":"../common/emxCreate.jsp?type=type_CPGProduct&typeChooser=false&autoNameChecked=false&nameField=both&form=type_CreateProduct&header=emxProduct.Heading.ProductCreate&HelpMarker=emxhelpproductcreate&submitAction=treeContent&UIContext=GlobalActions&postProcessJPO=emxProduct%3AcopyProductAttributesToModel&appendFields=pgIPSecurityClassificationCreatePage&policy=policy_Product&suiteKey=ProductLine&StringResourceFileId=emxProductLineStringResource&SuiteDirectory=productline&widgetId=null&targetLocation=popup","isPopupModal":true}],"slideinWidth":null,"label":"Copy and Artwork","type":"menu","url":null,"isPopupModal":false},{"submenu":[{"slideinWidth":null,"label":"Create General Library","targetLocation":"slidein","type":"command","url":"../common/emxCreate.jsp?type=type_GeneralLibrary&nameField=keyin&form=type_CreateLibrary&createJPO=emxLibraryCentralCommon%3AcreateLBCObject&submitAction=refreshCaller&header=emxDocumentCentral.Common.CreateNewGeneralLibrary&HelpMarker=emxhelpcreatelibrarysimple&findMxLink=false&suiteKey=LibraryCentral&StringResourceFileId=emxLibraryCentralStringResource&SuiteDirectory=documentcentral&widgetId=null&targetLocation=slidein","isPopupModal":true},{"slideinWidth":null,"label":"Create Brand Library","targetLocation":"slidein","type":"command","url":"../vbm/emxVBMCreateBrandLibraryDialogFS.jsp?type=type_BrandLibrary&suiteKey=VBM&StringResourceFileId=emxVBMStringResource&SuiteDirectory=vbm&widgetId=null&targetLocation=slidein","isPopupModal":true},{"slideinWidth":null,"label":"Create Part Library","targetLocation":"popup","type":"command","url":"../common/emxCreate.jsp?type=type_PartLibrary&nameField=keyin&form=type_CreateLibrary&createJPO=emxLibraryCentralCommon%3AcreateLBCObject&submitAction=treeContent&header=emxDocumentCentral.Common.CreateNewPartLibrary&HelpMarker=emxhelpcreatelibrarysimple&findMxLink=false&suiteKey=LibraryCentral&StringResourceFileId=emxLibraryCentralStringResource&SuiteDirectory=documentcentral&widgetId=null&targetLocation=popup&popupSize=MediumTall","isPopupModal":false},{"slideinWidth":null,"label":"Create Material Library","targetLocation":"popup","type":"command","url":"../common/emxCreate.jsp?type=type_pgMaterialLibrary&nameField=keyin&form=type_CreateLibrary&createJPO=emxLibraryCentralCommon%3AcreateLBCObject&submitAction=treeContent&header=emxDocumentCentral.Common.CreateNewMaterialLibrary&HelpMarker=emxhelpcreatelibrarysimple&findMxLink=false&suiteKey=LibraryCentral&StringResourceFileId=emxLibraryCentralStringResource&SuiteDirectory=documentcentral&widgetId=null&targetLocation=popup&popupSize=MediumTall","isPopupModal":false},{"slideinWidth":null,"label":"AEFSeparator","type":"command","url":null,"isPopupModal":false},{"slideinWidth":null,"label":"Create General Class","targetLocation":"popup","type":"command","url":"../common/emxCreate.jsp?type=type_GeneralClass%2Ctype_Classification&ExclusionList=type_ManufacturingPartFamily&typeChooser=true&nameField=keyin&form=type_CreateClass&createJPO=emxLibraryCentralCommon%3AcreateLBCObject&submitAction=treeContent&header=emxLibraryCentral.Shortcut.CreateGeneralClass&HelpMarker=emxhelpcreateclass&findMxLink=false&suiteKey=LibraryCentral&StringResourceFileId=emxLibraryCentralStringResource&SuiteDirectory=documentcentral&widgetId=null&targetLocation=popup&popupSize=MediumTall","isPopupModal":false}],"slideinWidth":null,"label":"Brand Assets Management","type":"menu","url":null,"isPopupModal":false},{"submenu":[{"slideinWidth":null,"label":"Create Simulation Document With Versioned Files","targetLocation":"popup","type":"command","url":"../simulationcentral/smaCreateDocument.jsp?objectAction=create&defaultType=type_SimulationDocument_Versioned&parentRelName=relationship_VaultedDocuments&type=null&fileRequired=false&typeChooser=false&HelpMarker=SMADocumentVer_HomeCreate&suiteKey=SimulationCentral&StringResourceFileId=smaSimulationCentralStringResource&SuiteDirectory=simulationcentral&widgetId=null&targetLocation=popup","isPopupModal":true},{"slideinWidth":null,"label":"Create Simulation Document With Nonversioned Files","targetLocation":"popup","type":"command","url":"../simulationcentral/smaCreateDocument.jsp?objectAction=create&defaultType=type_SimulationDocument_NonVersioned&parentRelName=relationship_VaultedDocuments&type=null&fileRequired=false&typeChooser=false&showFormat=false&HelpMarker=SMADocumentNV_HomeCreate&suiteKey=SimulationCentral&StringResourceFileId=smaSimulationCentralStringResource&SuiteDirectory=simulationcentral&widgetId=null&targetLocation=popup","isPopupModal":true},{"slideinWidth":null,"label":"Manage Simulation Attributes","targetLocation":"content","type":"command","url":"../common/emxIndentedTable.jsp?table=SMASimType_Attributes&showRMB=false&header=smaSimulationCentral.Search.Label.SimTypeAttributes&toolbar=SMASimType_ManageAttributesToolbar&selection=multiple&program=jpo.simulation.SimulationAttributes%3AgetAttributesTable&objectBased=false&sortColumnName=Name&CancelButton=true&CancelLabel=smaSimulationCentral.Button.Close&HelpMarker=SMASimType_ManageAttributes&suiteKey=SimulationCentral&StringResourceFileId=smaSimulationCentralStringResource&SuiteDirectory=simulationcentral&widgetId=null&targetLocation=content","isPopupModal":false},{"slideinWidth":null,"label":"Requests","targetLocation":"popup","type":"command","url":"../common/emxTable.jsp?table=pgSLMRequestsSummary&toolbar=pgSLMRequestsTopActionBar&program=pgSLMRequests%3AlistAllRequests&sortColumnName=Name&header=Requests&suiteKey=SimulationCentral&StringResourceFileId=smaSimulationCentralStringResource&SuiteDirectory=simulationcentral&widgetId=null&targetLocation=popup","isPopupModal":false}],"slideinWidth":null,"label":"V+R Process Management","targetLocation":"Content","type":"menu","url":"&targetLocation=Content","isPopupModal":false},{"submenu":[{"slideinWidth":null,"label":"Create Change Order","targetLocation":"slidein","type":"command","url":"../common/emxCreate.jsp?form=type_CreateChangeOrderSlidein&header=EnterpriseChangeMgt.Command.CreateChange&type=type_ChangeOrder&nameField=autoname&createJPO=enoECMChangeOrder%3AcreateChange&typeChooser=true&submitAction=treeContent&CreateMode=CreateCO&preProcessJavaScript=preProcessInCreateCO&mode=create&HelpMarker=emxhelpchangeordercreate&suiteKey=EnterpriseChangeMgt&StringResourceFileId=emxEnterpriseChangeMgtStringResource&SuiteDirectory=enterprisechangemgt&widgetId=null&targetLocation=slidein","isPopupModal":true},{"slideinWidth":null,"label":"Create Change Template","targetLocation":"slidein","type":"command","url":"../common/emxCreate.jsp?form=type_CreateChangeTemplateSlidein&header=EnterpriseChangeMgt.Command.CreateTemplate&type=type_ChangeTemplate&nameField=both&autoNameChecked=true&preProcessJavaScript=preProcessInCreateTemplate&createJPO=enoECMChangeTemplate%3Acreate&submitAction=treeContent&CreateMode=CreateChangeTemplate&HelpMarker=emxhelpchangetemplatecreate&suiteKey=EnterpriseChangeMgt&StringResourceFileId=emxEnterpriseChangeMgtStringResource&SuiteDirectory=enterprisechangemgt&widgetId=null&targetLocation=slidein","isPopupModal":true},{"slideinWidth":null,"label":"Create Change Request","targetLocation":"slidein","type":"command","url":"../common/emxCreate.jsp?form=type_CreateChangeRequest&header=EnterpriseChangeMgt.Command.CreateChangeRequest&type=type_ChangeRequest&nameField=autoname&createJPO=enoECMChangeRequest%3AcreateChangeRequest&typeChooser=true&submitAction=treeContent&HelpMarker=emxhelpchangerequestcreate&preProcessJavaScript=setRO&suiteKey=EnterpriseChangeMgt&StringResourceFileId=emxEnterpriseChangeMgtStringResource&SuiteDirectory=enterprisechangemgt&widgetId=null&targetLocation=slidein","isPopupModal":true},{"slideinWidth":null,"label":"Create Change Action","targetLocation":"slidein","type":"command","url":"../common/emxCreate.jsp?form=type_CreateChangeActionSlidein&header=EnterpriseChangeMgt.Command.CreateChangeAction&type=type_ChangeAction&policy=policy_ChangeAction&nameField=autoname&createJPO=enoECMChangeActionUX%3AcreateChangeAction&submitAction=treeContent&CreateMode=CreateCA&mode=create&HelpMarker=emxhelpchangeactioncreate&suiteKey=EnterpriseChangeMgt&StringResourceFileId=emxEnterpriseChangeMgtStringResource&SuiteDirectory=enterprisechangemgt&widgetId=null&targetLocation=slidein","isPopupModal":true},{"slideinWidth":null,"label":"Create Route Template","targetLocation":"popup","type":"command","url":"../components/emxCreateRouteTemplateWizardDialogFS.jsp?init1=true&suiteKey=Components&StringResourceFileId=emxComponentsStringResource&SuiteDirectory=components&widgetId=null&targetLocation=popup","isPopupModal":true}],"slideinWidth":null,"label":"Change","targetLocation":"content","type":"menu","url":"&targetLocation=content","isPopupModal":false},{"submenu":[{"slideinWidth":"550","label":"Create Product Data","targetLocation":"slidein","type":"command","url":"../common/emxCreate.jsp?form=CreatePartwithTemplate&header=enoPartSpecs.Command.CreatePartwithTemplate&createJPO=ENOPartSpecsUI%3AcreatePartWithTemplate&postProcessJPO=ENOGLSProductSpecification%3AcreateProductDataPostProcess&preProcessJavaScript=preProcessCreatePD&submitAction=treeContent&type=type_FinishedProductPart&HelpMarker=enohelpcreatepartwithtemplate&appendFields=pgIPSecurityClassificationCreatePage&suiteKey=PartSpec&StringResourceFileId=enoPartSpecsStringResource&SuiteDirectory=partspecs&widgetId=null&targetLocation=slidein","isPopupModal":false},{"slideinWidth":"550","label":"Create Technical Specification","targetLocation":"slidein","type":"command","url":"../common/emxCreate.jsp?form=CreateTechnicalSpecification&header=enoTechnicalSpec.Command.CreateTechnicalSpecification&createJPO=enoTechnicalSpec%3AcreateTechnicalSpecWithTemplate&preProcessJavaScript=preProcessCreatePD&postProcessJPO=ENOGLSProductSpecification%3AcreateProductDataPostProcess&submitAction=treeContent&type=type_pgQualitySpecification&nameField=autoName&HelpMarker=enohelpcreatetechnicalspecification&appendFields=pgIPSecurityClassificationCreatePage&suiteKey=TechnicalSpec&StringResourceFileId=enoTechnicalSpecsStringResource&SuiteDirectory=technicalspecs&widgetId=null&targetLocation=slidein","isPopupModal":false},{"slideinWidth":"500","label":"Create Formulation","targetLocation":"slidein","type":"command","url":"../common/emxCreate.jsp?form=GLSCreateFormulation&header=emxCPN.Command.CreateFormulation&createJPO=enoGLSFormulationProductData%3AcreateProductDataUsingForm&postProcessJPO=enoGLSFormulationProductData%3AcreateProductDataPostProcess&preProcessJavaScript=preProcessCreatePD&submitAction=treeContent&type=type_CosmeticFormulation&nameField=autoName&appendFields=pgIPSecurityClassificationCreatePage&suiteKey=CPN&StringResourceFileId=emxCPNStringResource&SuiteDirectory=cpn&widgetId=null&targetLocation=slidein","isPopupModal":false},{"slideinWidth":null,"label":"Create Virtual Intermediate","targetLocation":"slidein","type":"command","url":"../common/emxCreate.jsp?form=CreateVirtualIntermediate&header=emxCPN.Command.CreateVirtualIntermediate&type=type_VirtualIntermediate&policy=policy_VirtualIntermediate&nameField=autoName&mode=create&submitAction=treeContent&preProcessJavaScript=preProcessVirtualIntermediate&appendFields=pgIPSecurityClassificationCreatePage&suiteKey=CPN&StringResourceFileId=emxCPNStringResource&SuiteDirectory=cpn&widgetId=null&targetLocation=slidein","isPopupModal":false},{"slideinWidth":"550","label":"Create Manufacturer Equivalent","targetLocation":"slidein","type":"command","url":"../common/emxCreate.jsp?type=type_PackagingMaterialPart&form=type_CreateMEP&policy=policy_ManufacturerEquivalent&header=emxManufacturerEquivalentPart.Shortcut.CreateMEP&HelpMarker=emxhelpmepcreate&postProcessJPO=jpo.manufacturerequivalentpart.Part%3AcreateMfg&submitAction=treeContent&preProcessJavaScript=preProcessInCreateMEPPart&createJPO=jpo.manufacturerequivalentpart.Part%3AcreateCPCObject&appendFields=pgIPSecurityClassificationCreatePage&ExclusionList=type_ManufacturingPart%2Ctype_ShopperProduct%2Ctype_POA%2Ctype_Trim%2Ctype_Label%2Ctype_Packaging%2Ctype_RawGoods%2Ctype_HardGoodsMaterial%2Ctype_TBD%2Ctype_Fabric%2Ctype_Finishings%2Ctype_GraphicPart&suiteKey=ManufacturerEquivalentPart&StringResourceFileId=emxManufacturerEquivalentPartStringResource&SuiteDirectory=manufacturerequivalentpart&widgetId=null&targetLocation=slidein","isPopupModal":true},{"slideinWidth":null,"label":"Create Supplier Equivalent","targetLocation":"slidein","type":"command","url":"../common/emxCreate.jsp?type=type_PackagingMaterialPart&nameField=autoName&form=type_CreateSEP&policy=policy_SupplierEquivalent&header=emxComponentCentral.Part.CreateSEP&preProcessJavaScript=preProcessInCreateSEPPart&HelpMarker=emxhelpcreatesep&postProcessJPO=jpo.componentcentral.sep.Part%3AcreateSEP&submitAction=treeContent&createJPO=jpo.componentcentral.sep.Part%3AcreateCPCObject&appendFields=pgIPSecurityClassificationCreatePage&suiteKey=ComponentCentral&StringResourceFileId=emxComponentCentralStringResource&SuiteDirectory=componentcentral&widgetId=null&targetLocation=slidein","isPopupModal":true},{"slideinWidth":null,"label":"Mass Create MEP/SEP","targetLocation":"popup","type":"command","url":"../common/emxForm.jsp?form=type_CreateMassMEPSEP&preProcessJavaScript=setdefaultChangeTemplate&formHeader=emxManufacturerEquivalentPart.Command.MassCreateMEPSEP&submitLabel=emxFramework.Button.Next&suiteKey=ManufacturerEquivalentPart&postProcessURL=..%2Fmanufacturerequivalentpart%2FpgMassMEPSEPCreateIntermediateProcess.jsp%3Ftable%3DpgMEPSEPMassCreateTable&program=pgCPCEquivalentPart%3AdisplayMEPSEPMassCreateWazard&editLink=true&mode=edit&suiteKey=ManufacturerEquivalentPart&StringResourceFileId=emxManufacturerEquivalentPartStringResource&SuiteDirectory=manufacturerequivalentpart&widgetId=null&targetLocation=popup","isPopupModal":true},{"slideinWidth":null,"label":"Create Template","targetLocation":"slidein","type":"command","url":"../common/emxCreate.jsp?form=CreateTemplate&header=enoTemplate.CreateTemplate&type=type_Template&nameField=both&autoNameChecked=true&preProcessJavaScript=preProcessInCreateTemplate&createJPO=enoTemplateUI%3AcreateTemplate&postProcessJPO=enoTemplateUI%3AcreateTemplatePostProcess&submitAction=treeContent&mode=Create&HelpMarker=emxhelptemplatecreate&suiteKey=Template&StringResourceFileId=enoTemplateStringResource&SuiteDirectory=template&widgetId=null&targetLocation=slidein","isPopupModal":true},{"submenu":[{"slideinWidth":null,"label":"Create Material...","targetLocation":"slidein","type":"command","url":"../common/emxCreate.jsp?preProcessJavaScript=disabledField&form=type_MATCCreateMaterial&type=type_InternalMaterial&InclusionList=type_InternalMaterial%2Ctype_ExternalMaterial&policy=policy_InternalMaterial&header=emxMaterialComposition.Command.CreateMaterial&typeChooser=true&SelectAbstractTypes=false&vaultChooser=true&suiteKey=MaterialComposition&StringResourceFileId=emxMaterialCompositionStringResource&SuiteDirectory=common&submitAction=treeContent&HelpMarker=emxhelpmaterialcreate1&createJPO=jpo.materialcomposition.MaterialUI%3AcreateMaterial&suiteKey=MaterialComposition&StringResourceFileId=emxMaterialCompositionStringResource&SuiteDirectory=materialcomposition&widgetId=null&targetLocation=slidein","isPopupModal":true},{"slideinWidth":null,"label":"Create Substance...","targetLocation":"slidein","type":"command","url":"../common/emxCreate.jsp?form=type_MATCCreateSubstance&header=emxMaterialComposition.Command.CreateSubstance&type=type_Substance&typeChooser=true&vaultChooser=true&suiteKey=MaterialComposition&StringResourceFileId=emxMaterialCompositionStringResource&SuiteDirectory=common&submitAction=treeContent&HelpMarker=emxhelpsubstancecreate1&postProcessJPO=jpo.materialcomposition.Substance%3AcreateSubstancePostProcess&suiteKey=MaterialComposition&StringResourceFileId=emxMaterialCompositionStringResource&SuiteDirectory=materialcomposition&widgetId=null&targetLocation=slidein","isPopupModal":true}],"slideinWidth":null,"label":"Material and Substance","targetLocation":"content","type":"menu","url":"&targetLocation=content","isPopupModal":false},{"slideinWidth":"500","label":"Define Criteria","targetLocation":"slidein","type":"command","url":"../common/emxCreate.jsp?form=CreateCriteria&type=type_Criteria&nameField=both&header=Criteria.Command.DefineCriteria&createJPO=ENOCriteria%3AcreateCriteria&submitAction=treeContent&mode=create&HelpMarker=emxhelpcriteriacreate&HelpMarker=emxhelpcriteriacreate&suiteKey=Criteria&StringResourceFileId=enoCriteriaStringResource&SuiteDirectory=criteria&widgetId=null&targetLocation=slidein","isPopupModal":true},{"slideinWidth":null,"label":"Create Characteristic Master","targetLocation":"slidein","type":"command","url":"../common/emxCreate.jsp?form=CreateCharacteristicMaster&type=type_CharacteristicMaster&policy=policy_CharacteristicMaster&nameField=both&autoNameChecked=true&submitAction=treeContent&createJPO=ENOCharacteristicMaster%3AcreateCharacteristicMaster&preProcessJavaScript=cmCreatePreProcess&HelpMarker=emxhelpcreatecharmaster&suiteKey=CharacteristicMaster&StringResourceFileId=enoCharacteristicMasterStringResource&SuiteDirectory=characteristicmaster&widgetId=null&targetLocation=slidein","isPopupModal":true}],"slideinWidth":null,"label":"Product Specifications","type":"menu","url":null,"isPopupModal":false},{"slideinWidth":null,"label":"All Artwork Projects Summary","targetLocation":"listHidden","type":"command","url":"../components/pgReportGeneration.jsp?suiteKey=Components&StringResourceFileId=emxComponentsStringResource&SuiteDirectory=components&widgetId=null&targetLocation=listHidden","isPopupModal":false}]