{"result":"success","pwdUpURL":"/change-my-password","fields":{"zip":{"readOnly":false,"value":" ","fieldConstraint":null},"country":{"readOnly":false,"value":"USA","fieldConstraint":[{"@class":"com.dassault_systemes.dspassport.core.to.constraints.CountryContraintTO","possibleValues":null,"nameConstraint":"country","id":6632,"maskApplies":3},{"@class":"com.dassault_systemes.dspassport.core.to.constraints.MandatoryConstraintTO","nameConstraint":"mandatory","id":6629,"maskApplies":3}]},"lastName":{"readOnly":false,"value":"pkgtest11","fieldConstraint":[{"@class":"com.dassault_systemes.dspassport.core.to.constraints.StringLengthConstraintTO","minimumLength":0,"maximumLength":255,"nameConstraint":"stringLength","id":5019,"maskApplies":3},{"@class":"com.dassault_systemes.dspassport.core.to.constraints.StringPatternConstraintTO","pattern":"^[^<>\\(\\)\\[\\]\\{\\}&;]+$","nameConstraint":"string-pattern","id":13259,"maskApplies":3},{"@class":"com.dassault_systemes.dspassport.core.to.constraints.MandatoryConstraintTO","nameConstraint":"mandatory","id":5015,"maskApplies":3}]},"address":{"readOnly":false,"value":null,"fieldConstraint":null},"city":{"readOnly":false,"value":" ","fieldConstraint":null},"contactid":{"readOnly":false,"value":null,"fieldConstraint":null},"totp_enabled":{"readOnly":true,"value":"false","fieldConstraint":null},"telephone":{"readOnly":false,"value":"+513-634-9447","fieldConstraint":null},"language":{"readOnly":false,"value":"en","fieldConstraint":null},"employee":{"readOnly":false,"value":null,"fieldConstraint":null},"is_admin":{"readOnly":false,"value":"false","fieldConstraint":null},"firstName":{"readOnly":false,"value":"Ion","fieldConstraint":[{"@class":"com.dassault_systemes.dspassport.core.to.constraints.StringLengthConstraintTO","minimumLength":0,"maximumLength":255,"nameConstraint":"stringLength","id":5091,"maskApplies":3},{"@class":"com.dassault_systemes.dspassport.core.to.constraints.StringPatternConstraintTO","pattern":"^[^<>\\(\\)\\[\\]\\{\\}&;]+$","nameConstraint":"string-pattern","id":13258,"maskApplies":3},{"@class":"com.dassault_systemes.dspassport.core.to.constraints.MandatoryConstraintTO","nameConstraint":"mandatory","id":5089,"maskApplies":3}]},"password":{"readOnly":false,"value":null,"fieldConstraint":null},"nickname":{"readOnly":false,"value":null,"fieldConstraint":null},"social_tou":{"readOnly":false,"value":null,"fieldConstraint":null},"company":{"readOnly":false,"value":null,"fieldConstraint":null},"email":{"readOnly":false,"value":"pkgtest11.im@pg.com","fieldConstraint":[{"@class":"com.dassault_systemes.dspassport.core.to.constraints.StringLengthConstraintTO","minimumLength":0,"maximumLength":255,"nameConstraint":"stringLength","id":5095,"maskApplies":3},{"@class":"com.dassault_systemes.dspassport.core.to.constraints.StringPatternConstraintTO","pattern":"^[A-Za-z0-9'._%+-]+@[A-Za-z0-9.-]+\\.[A-Za-z]{2,32}$","nameConstraint":"string-pattern","id":13260,"maskApplies":3},{"@class":"com.dassault_systemes.dspassport.core.to.constraints.MandatoryConstraintTO","nameConstraint":"mandatory","id":5097,"maskApplies":3}]},"username":{"readOnly":true,"value":"pkgtest11.im","fieldConstraint":[{"@class":"com.dassault_systemes.dspassport.core.to.constraints.StringLengthConstraintTO","minimumLength":0,"maximumLength":255,"nameConstraint":"stringLength","id":5085,"maskApplies":3},{"@class":"com.dassault_systemes.dspassport.core.to.constraints.StringLengthConstraintTO","minimumLength":2,"maximumLength":255,"nameConstraint":"stringLength","id":12028,"maskApplies":3},{"@class":"com.dassault_systemes.dspassport.core.to.constraints.StringPatternConstraintTO","pattern":"^[A-Za-z0-9-_.]{2,64}$","nameConstraint":"string-pattern","id":12045,"maskApplies":3},{"@class":"com.dassault_systemes.dspassport.core.to.constraints.MandatoryConstraintTO","nameConstraint":"mandatory","id":5082,"maskApplies":3}]}}}