{"vocabularyInfo":{"name":"ds6w","prereqs":[]},"vocabularyElementNLSInfo":[{"nlsName":"Release Type","type":"Predicate","lang":"en","uri":"ds6w:releaseType"},{"nlsName":"Derived From","type":"Predicate","lang":"en","uri":"ds6w:derivedFrom"},{"nlsName":"Meeting","type":"Predicate","lang":"en","uri":"ds6w:meeting"},{"nlsName":"Access Role","type":"Predicate","lang":"en","uri":"ds6w:role"},{"nlsName":"Weight","type":"Predicate","lang":"en","uri":"ds6w:weight"},{"nlsName":"Model Number","type":"Predicate","lang":"en","uri":"ds6w:modelNumber"},{"nlsName":"Subcellular Component","type":"Predicate","lang":"en","uri":"ds6w:subcellularComponent"},{"nlsName":"Actual Start","type":"Predicate","lang":"en","uri":"ds6w:actualStart"},{"nlsName":"Proposed Change Order","type":"Predicate","lang":"en","uri":"ds6w:proposedChangeOrder"},{"nlsName":"Constituent","type":"Predicate","lang":"en","uri":"ds6w:constituent"},{"nlsName":"Target Quality","type":"Predicate","lang":"en","uri":"ds6w:targetedQuality"},{"nlsName":"Collaborative Policy","type":"Predicate","lang":"en","uri":"ds6w:policy"},{"nlsName":"Is Last Major Revision","type":"Predicate","lang":"en","uri":"ds6w:isLastMajorRevision"},{"nlsName":"Effective","type":"Predicate","lang":"en","uri":"ds6w:effective"},{"nlsName":"Last modification","type":"Predicate","lang":"en","uri":"ds6w:modified"},{"nlsName":"Change Context","type":"Predicate","lang":"en","uri":"ds6w:changeContext"},{"nlsName":"Material","type":"Predicate","lang":"en","uri":"ds6w:material"},{"nlsName":"Reviewer","type":"Predicate","lang":"en","uri":"ds6w:reviewer"},{"nlsName":"Realized Change Order","type":"Predicate","lang":"en","uri":"ds6w:realizedChangeOrder"},{"nlsName":"Proposed Change Request","type":"Predicate","lang":"en","uri":"ds6w:proposedChangeRequest"},{"nlsName":"Duplicated","type":"Predicate","lang":"en","uri":"ds6w:isDuplicated"},{"nlsName":"Actual End","type":"Predicate","lang":"en","uri":"ds6w:actualEnd"},{"nlsName":"Source URL","type":"Predicate","lang":"en","uri":"ds6w:source"},{"nlsName":"Skills","type":"Predicate","lang":"en","uri":"ds6w:masters"},{"nlsName":"Material Cost","type":"Predicate","lang":"en","uri":"ds6w:materialCost"},{"nlsName":"Change Order","type":"Predicate","lang":"en","uri":"ds6w:changeOrder"},{"nlsName":"Question","type":"Predicate","lang":"en","uri":"ds6w:question"},{"nlsName":"Environment","type":"Predicate","lang":"en","uri":"ds6w:environment"},{"nlsName":"Width","type":"Predicate","lang":"en","uri":"ds6w:width"},{"nlsName":"Has Member","type":"Predicate","lang":"en","uri":"ds6w:hasMember"},{"nlsName":"Fulfills Quantity","type":"Predicate","lang":"en","uri":"ds6w:fulfillsQuantity"},{"nlsName":"Purpose","type":"Predicate","lang":"en","uri":"ds6w:purpose"},{"nlsName":"Sponsor","type":"Predicate","lang":"en","uri":"ds6w:sponsor"},{"nlsName":"Freight Cost","type":"Predicate","lang":"en","uri":"ds6w:freightCost"},{"nlsName":"Interaction Type","type":"Predicate","lang":"en","uri":"ds6w:interactionType"},{"nlsName":"Volume","type":"Predicate","lang":"en","uri":"ds6w:volume"},{"nlsName":"Product Configuration","type":"Predicate","lang":"en","uri":"ds6w:productConfiguration"},{"nlsName":"Interest","type":"Predicate","lang":"en","uri":"ds6w:interest"},{"nlsName":"Web Site","type":"Predicate","lang":"en","uri":"ds6w:webSite"},{"nlsName":"Importance","type":"Predicate","lang":"en","uri":"ds6w:importance"},{"nlsName":"Reportable Status","type":"Predicate","lang":"en","uri":"ds6w:reportableStatus"},{"nlsName":"Simulation Study","type":"Predicate","lang":"en","uri":"ds6w:simulationStudy"},{"nlsName":"Activity","type":"Predicate","lang":"en","uri":"ds6w:activity"},{"nlsName":"Buyer Desk","type":"Predicate","lang":"en","uri":"ds6w:buyerDesk"},{"nlsName":"Business Type","type":"Predicate","lang":"en","uri":"ds6w:businessType"},{"nlsName":"Starts","type":"Predicate","lang":"en","uri":"ds6w:starts"},{"nlsName":"Concluded By","type":"Predicate","lang":"en","uri":"ds6w:concludedBy"},{"nlsName":"Reviewer List","type":"Predicate","lang":"en","uri":"ds6w:changeReviewList"},{"nlsName":"Feature instantiation method","type":"Predicate","lang":"en","uri":"ds6w:featureInstantiationMethod"},{"nlsName":"Copy To","type":"Predicate","lang":"en","uri":"ds6w:copyTo"},{"nlsName":"Country","type":"Predicate","lang":"en","uri":"ds6w:country"},{"nlsName":"Change Policy","type":"Predicate","lang":"en","uri":"ds6w:changePolicy"},{"nlsName":"Priority","type":"Predicate","lang":"en","uri":"ds6w:priority"},{"nlsName":"Has Linear Elastic Domain","type":"Predicate","lang":"en","uri":"ds6w:hasDomainLE"},{"nlsName":"Contextual Parameter","type":"Predicate","lang":"en","uri":"ds6w:contextualParameter"},{"nlsName":"Has Simulation Domain","type":"Predicate","lang":"en","uri":"ds6w:hasDomainSimulation"},{"nlsName":"Originator","type":"Predicate","lang":"en","uri":"ds6w:originator"},{"nlsName":"Fulfills Priority","type":"Predicate","lang":"en","uri":"ds6w:fulfillsPriority"},{"nlsName":"Fulfillment Type","type":"Predicate","lang":"en","uri":"ds6w:fulfillmentType"},{"nlsName":"Language","type":"Predicate","lang":"en","uri":"ds6w:language"},{"nlsName":"Name","type":"Predicate","lang":"en","uri":"ds6w:identifier"},{"nlsName":"Markets","type":"Predicate","lang":"en","uri":"ds6w:markets"},{"nlsName":"Time Constraint","type":"Predicate","lang":"en","uri":"ds6w:timeConstraint"},{"nlsName":"Process Steps","type":"Predicate","lang":"en","uri":"ds6w:processSteps"},{"nlsName":"Postal Code","type":"Predicate","lang":"en","uri":"ds6w:postalCode"},{"nlsName":"Accountable","type":"Predicate","lang":"en","uri":"ds6w:accountable"},{"nlsName":"Repair Cost","type":"Predicate","lang":"en","uri":"ds6w:repairCost"},{"nlsName":"Formulation Type","type":"Predicate","lang":"en","uri":"ds6w:formulationType"},{"nlsName":"Max Value","type":"Predicate","lang":"en","uri":"ds6w:max"},{"nlsName":"Supplier","type":"Predicate","lang":"en","uri":"ds6w:supplier"},{"nlsName":"Time Overlaps","type":"Predicate","lang":"en","uri":"ds6w:timeOverlaps"},{"nlsName":"Severity","type":"Predicate","lang":"en","uri":"ds6w:severity"},{"nlsName":"Preference","type":"Predicate","lang":"en","uri":"ds6w:preference"},{"nlsName":"Degrees of Freedom","type":"Predicate","lang":"en","uri":"ds6w:dOF"},{"nlsName":"Legal Context","type":"Predicate","lang":"en","uri":"ds6w:legalContext"},{"nlsName":"Test Cases","type":"Predicate","lang":"en","uri":"ds6w:testCases"},{"nlsName":"Has Rendering Domain","type":"Predicate","lang":"en","uri":"ds6w:hasDomainRendering"},{"nlsName":"Manufacturer","type":"Predicate","lang":"en","uri":"ds6w:manufacturer"},{"nlsName":"Identification Method","type":"Predicate","lang":"en","uri":"ds6w:identificationMethod"},{"nlsName":"Estimated Cost","type":"Predicate","lang":"en","uri":"ds6w:estimatedCost"},{"nlsName":"Approval List","type":"Predicate","lang":"en","uri":"ds6w:changeApprovalList"},{"nlsName":"Cause","type":"Predicate","lang":"en","uri":"ds6w:cause"},{"nlsName":"Defined by","type":"Predicate","lang":"en","uri":"ds6w:definedBy"},{"nlsName":"Fulfills","type":"Predicate","lang":"en","uri":"ds6w:fulfills"},{"nlsName":"Informed","type":"Predicate","lang":"en","uri":"ds6w:informed"},{"nlsName":"Fax Number","type":"Predicate","lang":"en","uri":"ds6w:faxNumber"},{"nlsName":"Event Experience Code","type":"Predicate","lang":"en","uri":"ds6w:eventExperienceCode"},{"nlsName":"Open Stage","type":"Predicate","lang":"en","uri":"ds6w:openStage"},{"nlsName":"XCAD File Name","type":"Predicate","lang":"en","uri":"ds6w:xcadFileName"},{"nlsName":"During","type":"Predicate","lang":"en","uri":"ds6w:during"},{"nlsName":"Distribution Status","type":"Predicate","lang":"en","uri":"ds6w:distributionStatus"},{"nlsName":"Proposed Change Action","type":"Predicate","lang":"en","uri":"ds6w:proposedChangeAction"},{"nlsName":"Declared Volume","type":"Predicate","lang":"en","uri":"ds6w:declaredVolume"},{"nlsName":"Number of Spindles","type":"Predicate","lang":"en","uri":"ds6w:spindles"},{"nlsName":"Phone Number","type":"Predicate","lang":"en","uri":"ds6w:phoneNumber"},{"nlsName":"Participant Type","type":"Predicate","lang":"en","uri":"ds6w:participantType"},{"nlsName":"Reservation Owner","type":"Predicate","lang":"en","uri":"ds6w:reservedBy"},{"nlsName":"Responsible","type":"Predicate","lang":"en","uri":"ds6w:responsible"},{"nlsName":"Logical Feature","type":"Predicate","lang":"en","uri":"ds6w:logicalFeature"},{"nlsName":"Waits","type":"Predicate","lang":"en","uri":"ds6w:waits"},{"nlsName":"Change Request","type":"Predicate","lang":"en","uri":"ds6w:changeRequest"},{"nlsName":"Cost","type":"Predicate","lang":"en","uri":"ds6w:cost"},{"nlsName":"Actual Duration","type":"Predicate","lang":"en","uri":"ds6w:actualDuration"},{"nlsName":"Parent","type":"Predicate","lang":"en","uri":"ds6w:parent"},{"nlsName":"Program","type":"Predicate","lang":"en","uri":"ds6w:program"},{"nlsName":"Change Controlled","type":"Predicate","lang":"en","uri":"ds6w:changeControlled"},{"nlsName":"Description","type":"Predicate","lang":"en","uri":"ds6w:description"},{"nlsName":"Ownership Organization","type":"Predicate","lang":"en","uri":"ds6w:organizationResponsible"},{"nlsName":"Envisions","type":"Predicate","lang":"en","uri":"ds6w:envisions"},{"nlsName":"Sent Date","type":"Predicate","lang":"en","uri":"ds6w:sent"},{"nlsName":"Precedes","type":"Predicate","lang":"en","uri":"ds6w:precedes"},{"nlsName":"Energy Cost","type":"Predicate","lang":"en","uri":"ds6w:energyCost"},{"nlsName":"Supplier Responsible","type":"Predicate","lang":"en","uri":"ds6w:supplierResponsible"},{"nlsName":"Completeness Status","type":"Predicate","lang":"en","uri":"ds6w:completeness"},{"nlsName":"Capacity","type":"Predicate","lang":"en","uri":"ds6w:capacity"},{"nlsName":"Process Specification","type":"Predicate","lang":"en","uri":"ds6w:processSpecification"},{"nlsName":"Has Drafting Domain","type":"Predicate","lang":"en","uri":"ds6w:hasDomainDrafting"},{"nlsName":"Creation Date","type":"Predicate","lang":"en","uri":"ds6w:created"},{"nlsName":"Surface","type":"Predicate","lang":"en","uri":"ds6w:surface"},{"nlsName":"Diameter","type":"Predicate","lang":"en","uri":"ds6w:diameter"},{"nlsName":"Unit of Measure","type":"Predicate","lang":"en","uri":"ds6w:unit"},{"nlsName":"Declared Weight","type":"Predicate","lang":"en","uri":"ds6w:declaredWeight"},{"nlsName":"CAD Master","type":"Predicate","lang":"en","uri":"ds6w:cadMaster"},{"nlsName":"Consultant","type":"Predicate","lang":"en","uri":"ds6w:consultant"},{"nlsName":"Planned Start","type":"Predicate","lang":"en","uri":"ds6w:plannedStart"},{"nlsName":"Community","type":"Predicate","lang":"en","uri":"ds6w:community"},{"nlsName":"Experience","type":"Predicate","lang":"en","uri":"ds6w:experience"},{"nlsName":"State","type":"Predicate","lang":"en","uri":"ds6w:state"},{"nlsName":"Estimated Duration","type":"Predicate","lang":"en","uri":"ds6w:estimatedDuration"},{"nlsName":"Biological Process","type":"Predicate","lang":"en","uri":"ds6w:biologicalProcess"},{"nlsName":"Labor Rate","type":"Predicate","lang":"en","uri":"ds6w:laborRate"},{"nlsName":"Where","type":"Predicate","lang":"en","uri":"ds6w:where"},{"nlsName":"Declared Surface","type":"Predicate","lang":"en","uri":"ds6w:declaredSurface"},{"nlsName":"Subtype","type":"Predicate","lang":"en","uri":"ds6w:kind"},{"nlsName":"Physics","type":"Predicate","lang":"en","uri":"ds6w:physics"},{"nlsName":"Employment Type","type":"Predicate","lang":"en","uri":"ds6w:employmentType"},{"nlsName":"Request","type":"Predicate","lang":"en","uri":"ds6w:request"},{"nlsName":"Who","type":"Predicate","lang":"en","uri":"ds6w:who"},{"nlsName":"Maintenance Cost","type":"Predicate","lang":"en","uri":"ds6w:maintenanceCost"},{"nlsName":"Purchase Cost","type":"Predicate","lang":"en","uri":"ds6w:purchaseCost"},{"nlsName":"Reported Against","type":"Predicate","lang":"en","uri":"ds6w:reportedAgainst"},{"nlsName":"Context","type":"Predicate","lang":"en","uri":"ds6w:context"},{"nlsName":"Release","type":"Predicate","lang":"en","uri":"ds6w:release"},{"nlsName":"Why","type":"Predicate","lang":"en","uri":"ds6w:why"},{"nlsName":"Supporter","type":"Predicate","lang":"en","uri":"ds6w:supporter"},{"nlsName":"Leaf","type":"Predicate","lang":"en","uri":"ds6w:leaf"},{"nlsName":"Is Last Minor Revision","type":"Predicate","lang":"en","uri":"ds6w:isLastMinorRevision"},{"nlsName":"Process Qualification Status","type":"Predicate","lang":"en","uri":"ds6w:processQualificationStatus"},{"nlsName":"Number of Turrets","type":"Predicate","lang":"en","uri":"ds6w:turrets"},{"nlsName":"Location","type":"Predicate","lang":"en","uri":"ds6w:location"},{"nlsName":"Libraries","type":"Predicate","lang":"en","uri":"ds6w:libraries"},{"nlsName":"City","type":"Predicate","lang":"en","uri":"ds6w:city"},{"nlsName":"Molecular Function","type":"Predicate","lang":"en","uri":"ds6w:molecularFunction"},{"nlsName":"Project","type":"Predicate","lang":"en","uri":"ds6w:usedInProject"},{"nlsName":"Life Stage","type":"Predicate","lang":"en","uri":"ds6w:lifeStage"},{"nlsName":"Business Unit Responsible","type":"Predicate","lang":"en","uri":"ds6w:businessUnitResponsible"},{"nlsName":"Refined Into","type":"Predicate","lang":"en","uri":"ds6w:refinedInto"},{"nlsName":"Geometry","type":"Predicate","lang":"en","uri":"ds6w:geometry"},{"nlsName":"Target Product","type":"Predicate","lang":"en","uri":"ds6w:targetedProduct"},{"nlsName":"Decisional","type":"Predicate","lang":"en","uri":"ds6w:decisional"},{"nlsName":"Answers","type":"Predicate","lang":"en","uri":"ds6w:answers"},{"nlsName":"Standard","type":"Predicate","lang":"en","uri":"ds6w:standard"},{"nlsName":"Option","type":"Predicate","lang":"en","uri":"ds6w:option"},{"nlsName":"Target Cost","type":"Predicate","lang":"en","uri":"ds6w:targetedCost"},{"nlsName":"Email Address","type":"Predicate","lang":"en","uri":"ds6w:emailAddress"},{"nlsName":"Detection Method","type":"Predicate","lang":"en","uri":"ds6w:detectionLMethod"},{"nlsName":"Person","type":"Predicate","lang":"en","uri":"ds6w:person"},{"nlsName":"Product","type":"Predicate","lang":"en","uri":"ds6w:product"},{"nlsName":"App Name","type":"Predicate","lang":"en","uri":"ds6w:app"},{"nlsName":"When","type":"Predicate","lang":"en","uri":"ds6w:when"},{"nlsName":"Not to be displayed in UI","type":"Predicate","lang":"en","uri":"ds6w:globalType"},{"nlsName":"Realized Change Request","type":"Predicate","lang":"en","uri":"ds6w:realizedChangeRequest"},{"nlsName":"Library Classes","type":"Predicate","lang":"en","uri":"ds6w:library"},{"nlsName":"Type","type":"Predicate","lang":"en","uri":"ds6w:type"},{"nlsName":"Distance","type":"Predicate","lang":"en","uri":"ds6w:distance"},{"nlsName":"Communicates","type":"Predicate","lang":"en","uri":"ds6w:communicates"},{"nlsName":"Target Regression","type":"Predicate","lang":"en","uri":"ds6w:targetedREG"},{"nlsName":"Compliancy","type":"Predicate","lang":"en","uri":"ds6w:compliancy"},{"nlsName":"Skill","type":"Predicate","lang":"en","uri":"ds6w:skill"},{"nlsName":"History","type":"Predicate","lang":"en","uri":"ds6w:history"},{"nlsName":"Feature","type":"Predicate","lang":"en","uri":"ds6w:feature"},{"nlsName":"Composed","type":"Predicate","lang":"en","uri":"ds6w:composed"},{"nlsName":"Protein Evidence","type":"Predicate","lang":"en","uri":"ds6w:proteinEvidence"},{"nlsName":"Finishes","type":"Predicate","lang":"en","uri":"ds6w:finishes"},{"nlsName":"Covers","type":"Predicate","lang":"en","uri":"ds6w:covers"},{"nlsName":"Last Modified By","type":"Predicate","lang":"en","uri":"ds6w:lastModifiedBy"},{"nlsName":"Reviewer","type":"Predicate","lang":"en","uri":"ds6w:changeReviewer"},{"nlsName":"Company Member","type":"Predicate","lang":"en","uri":"ds6w:companyMember"},{"nlsName":"Organism","type":"Predicate","lang":"en","uri":"ds6w:organism"},{"nlsName":"Bookmark Workspace","type":"Predicate","lang":"en","uri":"ds6w:workspace"},{"nlsName":"Reservation","type":"Predicate","lang":"en","uri":"ds6w:reserved"},{"nlsName":"Collaborative Space","type":"Predicate","lang":"en","uri":"ds6w:project"},{"nlsName":"Compartment","type":"Predicate","lang":"en","uri":"ds6w:compartment"},{"nlsName":"Planned End","type":"Predicate","lang":"en","uri":"ds6w:plannedEnd"},{"nlsName":"Realized Change Action","type":"Predicate","lang":"en","uri":"ds6w:realizedChangeAction"},{"nlsName":"Length","type":"Predicate","lang":"en","uri":"ds6w:length"},{"nlsName":"Social","type":"Predicate","lang":"en","uri":"ds6w:social"},{"nlsName":"Duration","type":"Predicate","lang":"en","uri":"ds6w:lasts"},{"nlsName":"Data Source","type":"Predicate","lang":"en","uri":"ds6w:dataSource"},{"nlsName":"Material Domain","type":"Predicate","lang":"en","uri":"ds6w:materialDomain"},{"nlsName":"Number of Items","type":"Predicate","lang":"en","uri":"ds6w:items"},{"nlsName":"Total Cost","type":"Predicate","lang":"en","uri":"ds6w:totalCost"},{"nlsName":"Contributes","type":"Predicate","lang":"en","uri":"ds6w:contributes"},{"nlsName":"Consumable Cost","type":"Predicate","lang":"en","uri":"ds6w:consumableCost"},{"nlsName":"Bookmarks","type":"Predicate","lang":"en","uri":"ds6w:bookmarks"},{"nlsName":"Vendor","type":"Predicate","lang":"en","uri":"ds6w:vendor"},{"nlsName":"Ends","type":"Predicate","lang":"en","uri":"ds6w:ends"},{"nlsName":"Owner Site","type":"Predicate","lang":"en","uri":"ds6w:ownerSite"},{"nlsName":"Published Date","type":"Predicate","lang":"en","uri":"ds6w:publishedDate"},{"nlsName":"File type","type":"Predicate","lang":"en","uri":"ds6w:docExtension"},{"nlsName":"Sender","type":"Predicate","lang":"en","uri":"ds6w:sender"},{"nlsName":"Category","type":"Predicate","lang":"en","uri":"ds6w:category"},{"nlsName":"Endorsements","type":"Predicate","lang":"en","uri":"ds6w:endorsements"},{"nlsName":"Measured Parameter","type":"Predicate","lang":"en","uri":"ds6w:measuredParameter"},{"nlsName":"Predefined Type","type":"Predicate","lang":"en","uri":"ds6w:predefinedType"},{"nlsName":"Therapeutic Target","type":"Predicate","lang":"en","uri":"ds6w:therapeuticTarget"},{"nlsName":"Has Composite Domain","type":"Predicate","lang":"en","uri":"ds6w:hasDomainComposite"},{"nlsName":"Change Template","type":"Predicate","lang":"en","uri":"ds6w:changeTemplate"},{"nlsName":"How","type":"Predicate","lang":"en","uri":"ds6w:how"},{"nlsName":"Thickness","type":"Predicate","lang":"en","uri":"ds6w:thickness"},{"nlsName":"Min Value","type":"Predicate","lang":"en","uri":"ds6w:min"},{"nlsName":"Targets","type":"Predicate","lang":"en","uri":"ds6w:targets"},{"nlsName":"Item","type":"Predicate","lang":"en","uri":"ds6w:item"},{"nlsName":"Currency","type":"Predicate","lang":"en","uri":"ds6w:costCurrency"},{"nlsName":"Due Date","type":"Predicate","lang":"en","uri":"ds6w:dueDate"},{"nlsName":"Terminal Plating Surface Finish","type":"Predicate","lang":"en","uri":"ds6w:terminalPlatingSurfaceFinish"},{"nlsName":"Stage","type":"Predicate","lang":"en","uri":"ds6w:stage"},{"nlsName":"Change Required","type":"Predicate","lang":"en","uri":"ds6w:changeRequired"},{"nlsName":"Storage capacity","type":"Predicate","lang":"en","uri":"ds6w:quantityCapacity"},{"nlsName":"Moisture Sensitivity Level","type":"Predicate","lang":"en","uri":"ds6w:moistureSensitivityLevel"},{"nlsName":"Target Launch Date","type":"Predicate","lang":"en","uri":"ds6w:targetLaunchDate"},{"nlsName":"Root","type":"Predicate","lang":"en","uri":"ds6w:root"},{"nlsName":"Comments","type":"Predicate","lang":"en","uri":"ds6w:comments"},{"nlsName":"Make Or Buy?","type":"Predicate","lang":"en","uri":"ds6w:makeOrBuy"},{"nlsName":"Color","type":"Predicate","lang":"en","uri":"ds6w:color"},{"nlsName":"Approver","type":"Predicate","lang":"en","uri":"ds6w:approver"},{"nlsName":"Company Responsible","type":"Predicate","lang":"en","uri":"ds6w:companyResponsible"},{"nlsName":"Bookmark Folder","type":"Predicate","lang":"en","uri":"ds6w:folder"},{"nlsName":"Technology","type":"Predicate","lang":"en","uri":"ds6w:technology"},{"nlsName":"Fulfills Category","type":"Predicate","lang":"en","uri":"ds6w:fulfillsCategory"},{"nlsName":"Change Coordinator","type":"Predicate","lang":"en","uri":"ds6w:changeCoordinator"},{"nlsName":"Validation Status","type":"Predicate","lang":"en","uri":"ds6w:validationStatus"},{"nlsName":"Gender","type":"Predicate","lang":"en","uri":"ds6w:gender"},{"nlsName":"Customer","type":"Predicate","lang":"en","uri":"ds6w:customer"},{"nlsName":"Equal","type":"Predicate","lang":"en","uri":"ds6w:equal"},{"nlsName":"Engineering Workspace","type":"Predicate","lang":"en","uri":"ds6w:engineeringWorkspace"},{"nlsName":"Maturity State","type":"Predicate","lang":"en","uri":"ds6w:status"},{"nlsName":"Up To Date","type":"Predicate","lang":"en","uri":"ds6w:upToDate"},{"nlsName":"Typical Value","type":"Predicate","lang":"en","uri":"ds6w:typical"},{"nlsName":"Requirement","type":"Predicate","lang":"en","uri":"ds6w:requirement"},{"nlsName":"Follower","type":"Predicate","lang":"en","uri":"ds6w:changeFollower"},{"nlsName":"Title","type":"Predicate","lang":"en","uri":"ds6w:label"},{"nlsName":"Height","type":"Predicate","lang":"en","uri":"ds6w:height"},{"nlsName":"What","type":"Predicate","lang":"en","uri":"ds6w:what"},{"nlsName":"Change Cost","type":"Predicate","lang":"en","uri":"ds6w:changeCost"},{"nlsName":"Substance","type":"Predicate","lang":"en","uri":"ds6w:substance"},{"nlsName":"Model Year","type":"Predicate","lang":"en","uri":"ds6w:modelYear"},{"nlsName":"Company","type":"Predicate","lang":"en","uri":"ds6w:company"},{"nlsName":"Service Make Or Buy","type":"Predicate","lang":"en","uri":"ds6w:serviceMakeOrBuy"},{"nlsName":"Candidate Markets","type":"Predicate","lang":"en","uri":"ds6w:candidateMarkets"},{"nlsName":"Fulfills Rationale","type":"Predicate","lang":"en","uri":"ds6w:fulfillsRationale"},{"nlsName":"Difficulty","type":"Predicate","lang":"en","uri":"ds6w:difficulty"},{"nlsName":"Interpreted By","type":"Predicate","lang":"en","uri":"ds6w:interpretedBy"},{"nlsName":"Assignee","type":"Predicate","lang":"en","uri":"ds6w:changeAssignee"},{"nlsName":"Instantiation method","type":"Predicate","lang":"en","uri":"ds6w:instantiationMethod"},{"nlsName":"Radius","type":"Predicate","lang":"en","uri":"ds6w:radius"},{"nlsName":"Brand","type":"Predicate","lang":"en","uri":"ds6w:brand"},{"nlsName":"Published By","type":"Predicate","lang":"en","uri":"ds6w:publishedBy"},{"nlsName":"Job Status","type":"Predicate","lang":"en","uri":"ds6w:jobStatus"},{"nlsName":"Member","type":"Predicate","lang":"en","uri":"ds6w:member"},{"nlsName":"Model","type":"Predicate","lang":"en","uri":"ds6w:model"},{"nlsName":"RDF Class","type":"Predicate","lang":"en","uri":"ds6w:class"},{"nlsName":"Received Date","type":"Predicate","lang":"en","uri":"ds6w:received"},{"nlsName":"Buyer Company","type":"Predicate","lang":"en","uri":"ds6w:buyerCompany"},{"nlsName":"Encloses an attachment ?","type":"Predicate","lang":"en","uri":"ds6w:enclose"},{"nlsName":"Visibility","type":"Predicate","lang":"en","uri":"ds6w:visibility"},{"nlsName":"Market Intent","type":"Predicate","lang":"en","uri":"ds6w:marketIntent"},{"nlsName":"Classification","type":"Predicate","lang":"en","uri":"ds6w:classification"},{"nlsName":"Assigned object","type":"Predicate","lang":"en","uri":"ds6w:assigned"},{"nlsName":"Protocol","type":"Predicate","lang":"en","uri":"ds6w:protocol"},{"nlsName":"Assignee","type":"Predicate","lang":"en","uri":"ds6w:assignee"},{"nlsName":"Estimated Completion Date","type":"Predicate","lang":"en","uri":"ds6w:estimatedCompletionDate"},{"nlsName":"Release Phase","type":"Predicate","lang":"en","uri":"ds6w:releasePhase"},{"nlsName":"Receivers","type":"Predicate","lang":"en","uri":"ds6w:receiver"},{"nlsName":"Based","type":"Predicate","lang":"en","uri":"ds6w:based"},{"nlsName":"Production Make Or Buy","type":"Predicate","lang":"en","uri":"ds6w:productionMakeOrBuy"},{"nlsName":"Meets","type":"Predicate","lang":"en","uri":"ds6w:meets"},{"nlsName":"Material Hardness","type":"Predicate","lang":"en","uri":"ds6w:materialHardness"},{"nlsName":"Biological Role","type":"Predicate","lang":"en","uri":"ds6w:biologicalRole"},{"nlsName":"Before","type":"Predicate","lang":"en","uri":"ds6w:before"},{"nlsName":"Content Structure","type":"Predicate","lang":"en","uri":"ds6w:contentStructure"},{"nlsName":"Labor Cost","type":"Predicate","lang":"en","uri":"ds6w:laborCost"},{"nlsName":"Impacted Business Unit","type":"Predicate","lang":"en","uri":"ds6w:impactedBusinessUnit"}]}