{"classPredicates":[{"vocabularyPredicateInfo":[{"lineage":"ds6w:who/ds6w:responsible","manipulationUnit":"","range":{"dataTypes":["http://www.w3.org/2001/XMLSchema#string"],"scope":"Range","classes":[],"operator":"Union"},"uri":"ds6w:responsible","nlsName":"Responsible","name":"owner","lang":"en","dimension":""},{"manipulationUnit":"","range":{"dataTypes":["http://www.w3.org/2001/XMLSchema#string"],"scope":"Range","classes":[],"operator":"Union"},"uri":"ds6wg:minorrevision","nlsName":"Minor Revision","name":"minorrevision","lang":"en","dimension":""},{"lineage":"ds6w:what/ds6w:kind","manipulationUnit":"","range":{"dataTypes":["http://www.w3.org/2001/XMLSchema#string"],"scope":"Range","classes":[],"operator":"Union"},"uri":"ds6w:kind","nlsName":"Subtype","name":"V_usage","lang":"en","dimension":""},{"manipulationUnit":"","range":{"dataTypes":["http://www.w3.org/2001/XMLSchema#string"],"scope":"Range","classes":[],"operator":"Union"},"uri":"ds6wg:majorrevision","nlsName":"Major Revision","name":"majorrevision","lang":"en","dimension":""},{"manipulationUnit":"","range":{"dataTypes":["http://www.w3.org/2001/XMLSchema#integer"],"scope":"Range","classes":[],"operator":"Union"},"uri":"ds6wg:PLMEntity.V_nature","nlsName":"Nature","rangeValues":{"literalInfo":[{"nlsValue":"0","value":"0","NLSValue":"0"},{"nlsValue":"Specification","value":"1","NLSValue":"Specification"},{"nlsValue":"Definition","value":"2","NLSValue":"Definition"},{"nlsValue":"Presentation","value":"3","NLSValue":"Presentation"}],"individualInfo":[]},"name":"V_nature","lang":"en","dimension":""},{"lineage":"ds6w:where/ds6w:context/ds6w:project","manipulationUnit":"","range":{"dataTypes":["http://www.w3.org/2001/XMLSchema#string"],"scope":"Range","classes":[],"operator":"Union"},"uri":"ds6w:project","nlsName":"Collaborative Space","name":"project","lang":"en","dimension":""},{"lineage":"ds6w:who/ds6w:lastModifiedBy","manipulationUnit":"","range":{"dataTypes":["http://www.w3.org/2001/XMLSchema#string"],"scope":"Range","classes":[],"operator":"Union"},"uri":"ds6w:lastModifiedBy","nlsName":"Last Modified By","name":"lastmodifiedby","lang":"en","dimension":""},{"lineage":"ds6w:what/ds6w:kind","manipulationUnit":"","range":{"dataTypes":["http://www.w3.org/2001/XMLSchema#string"],"scope":"Range","classes":[],"operator":"Union"},"uri":"ds6w:kind","nlsName":"Subtype","name":"V_CustoDiscipline","lang":"en","dimension":""},{"lineage":"ds6w:when/ds6w:created","manipulationUnit":"","range":{"dataTypes":["http://www.w3.org/2001/XMLSchema#dateTime"],"scope":"Range","classes":[],"operator":"Union"},"uri":"ds6w:created","nlsName":"Creation Date","name":"originated","lang":"en","dimension":""},{"manipulationUnit":"","range":{"dataTypes":["http://www.w3.org/2001/XMLSchema#string"],"scope":"Range","classes":[],"operator":"Union"},"uri":"ds6wg:revision","nlsName":"Revision","name":"revision","lang":"en","dimension":""},{"lineage":"ds6w:what/ds6w:status","manipulationUnit":"","range":{"dataTypes":["http://www.w3.org/2001/XMLSchema#string"],"scope":"Range","classes":[],"operator":"Union"},"uri":"ds6w:status","nlsName":"Maturity State","name":"current","lang":"en","dimension":""},{"lineage":"ds6w:what/ds6w:label","manipulationUnit":"","range":{"dataTypes":["http://www.w3.org/2001/XMLSchema#string"],"scope":"Range","classes":[],"operator":"Union"},"uri":"ds6w:label","nlsName":"Title","name":"V_Name","lang":"en","dimension":""},{"manipulationUnit":"","range":{"dataTypes":["http://www.w3.org/2001/XMLSchema#boolean"],"scope":"Range","classes":[],"operator":"Union"},"uri":"ds6wg:ispublished","nlsName":"Is Published","name":"ispublished","lang":"en","dimension":""},{"lineage":"ds6w:what/ds6w:description","manipulationUnit":"","range":{"dataTypes":["http://www.w3.org/2001/XMLSchema#string"],"scope":"Range","classes":[],"operator":"Union"},"uri":"ds6w:description","nlsName":"Description","name":"V_description","lang":"en","dimension":""},{"lineage":"ds6w:what/ds6w:status/ds6w:reserved","manipulationUnit":"","range":{"dataTypes":["http://www.w3.org/2001/XMLSchema#boolean"],"scope":"Range","classes":[],"operator":"Union"},"uri":"ds6w:reserved","nlsName":"Reservation","rangeValues":{"literalInfo":[{"nlsValue":"Reserved","value":"TRUE","NLSValue":"Reserved"},{"nlsValue":"Not Reserved","value":"FALSE","NLSValue":"Not Reserved"}],"individualInfo":[]},"name":"reserved","lang":"en","dimension":""},{"manipulationUnit":"","range":{"dataTypes":["http://www.w3.org/2001/XMLSchema#boolean"],"scope":"Range","classes":[],"operator":"Union"},"uri":"ds6wg:isbestsofar","nlsName":"Is Best So Far","name":"isbestsofar","lang":"en","dimension":""},{"lineage":"ds6w:what/ds6w:identifier","manipulationUnit":"","range":{"dataTypes":["http://www.w3.org/2001/XMLSchema#string"],"scope":"Range","classes":[],"operator":"Union"},"uri":"ds6w:identifier","nlsName":"Name","name":"PLM_ExternalID","lang":"en","dimension":""},{"lineage":"ds6w:who/ds6w:responsible/ds6w:organizationResponsible","manipulationUnit":"","range":{"dataTypes":["http://www.w3.org/2001/XMLSchema#string"],"scope":"Range","classes":[],"operator":"Union"},"uri":"ds6w:organizationResponsible","nlsName":"Ownership Organization","name":"organization","lang":"en","dimension":""},{"lineage":"ds6w:who/ds6w:responsible/ds6w:reservedBy","manipulationUnit":"","range":{"dataTypes":["http://www.w3.org/2001/XMLSchema#string"],"scope":"Range","classes":[],"operator":"Union"},"uri":"ds6w:reservedBy","nlsName":"Reservation Owner","name":"reservedby","lang":"en","dimension":""},{"lineage":"ds6w:when/ds6w:modified","manipulationUnit":"","range":{"dataTypes":["http://www.w3.org/2001/XMLSchema#dateTime"],"scope":"Range","classes":[],"operator":"Union"},"uri":"ds6w:modified","nlsName":"Last modification","name":"modified","lang":"en","dimension":""},{"manipulationUnit":"","range":{"dataTypes":["http://www.w3.org/2001/XMLSchema#integer"],"scope":"Range","classes":[],"operator":"Union"},"uri":"ds6wg:PLMEntity.V_sec_level","nlsName":"Security Level","name":"V_sec_level","lang":"en","dimension":""},{"manipulationUnit":"","range":{"dataTypes":["http://www.w3.org/2001/XMLSchema#integer"],"scope":"Range","classes":[],"operator":"Union"},"uri":"ds6wg:revindex","nlsName":"Revision Index","name":"revindex","lang":"en","dimension":""},{"lineage":"ds6w:what/ds6w:kind","manipulationUnit":"","range":{"dataTypes":["http://www.w3.org/2001/XMLSchema#string"],"scope":"Range","classes":[],"operator":"Union"},"uri":"ds6w:kind","nlsName":"Subtype","name":"V_discipline","lang":"en","dimension":""},{"lineage":"ds6w:what/ds6w:policy","manipulationUnit":"","range":{"dataTypes":["http://www.w3.org/2001/XMLSchema#string"],"scope":"Range","classes":[],"operator":"Union"},"uri":"ds6w:policy","nlsName":"Collaborative Policy","name":"policy","lang":"en","dimension":""}],"className":"ds6wg:PLMEntity"}]}