{"classPredicates":[{"vocabularyPredicateInfo":[{"manipulationUnit":"","range":{"dataTypes":["http://www.w3.org/2001/XMLSchema#string"],"scope":"Range","classes":[],"operator":"Union"},"uri":"ds6wg:Spare Part","nlsName":"Spare Part","rangeValues":{"literalInfo":[{"nlsValue":"Yes","value":"Yes","NLSValue":"Yes"},{"nlsValue":"No","value":"No","NLSValue":"No"}],"individualInfo":[]},"name":"Spare Part","lang":"en","dimension":""},{"manipulationUnit":"","range":{"dataTypes":["http://www.w3.org/2001/XMLSchema#string"],"scope":"Range","classes":[],"operator":"Union"},"uri":"ds6w:policy","nlsName":"Collaborative Policy","name":"POLICY_TAG","lang":"en","dimension":""},{"manipulationUnit":"","range":{"dataTypes":["http://www.w3.org/2001/XMLSchema#string"],"scope":"Range","classes":[],"operator":"Union"},"uri":"ds6w:originator","nlsName":"Originator","name":"Originator","lang":"en","dimension":""},{"manipulationUnit":"","range":{"dataTypes":["http://www.w3.org/2001/XMLSchema#string"],"scope":"Range","classes":[],"operator":"Union"},"uri":"ds6wg:POA_Languages","nlsName":"POA Languages","name":"POA_Languages","lang":"en","dimension":""},{"manipulationUnit":"","range":{"dataTypes":["http://www.w3.org/2001/XMLSchema#string"],"scope":"Range","classes":[],"operator":"Union"},"uri":"ds6w:status","nlsName":"Maturity State","name":"POLICYCURRENT","lang":"en","dimension":""},{"manipulationUnit":"","range":{"dataTypes":["http://www.w3.org/2001/XMLSchema#string"],"scope":"Range","classes":[],"operator":"Union"},"uri":"ds6w:kind","nlsName":"Subtype","name":"INTERFACEFORKIND","lang":"en","dimension":""},{"manipulationUnit":"","range":{"dataTypes":["http://www.w3.org/2001/XMLSchema#string"],"scope":"Range","classes":[],"operator":"Union"},"uri":"ds6wg:pgAAA_FinishedProductCode","nlsName":"Finished Product Code","name":"pgAAA_FinishedProductCode","lang":"en","dimension":""},{"manipulationUnit":"","range":{"dataTypes":["http://www.w3.org/2001/XMLSchema#string"],"scope":"Range","classes":[],"operator":"Union"},"uri":"ds6wg:pgLocalDescription","nlsName":"Local Description","name":"pgLocalDescription","lang":"en","dimension":""},{"manipulationUnit":"","range":{"dataTypes":["http://www.w3.org/2001/XMLSchema#string"],"scope":"Range","classes":[],"operator":"Union"},"uri":"ds6wg:Release Phase","nlsName":"Phase","rangeValues":{"literalInfo":[{"nlsValue":"Production","value":"Production","NLSValue":"Production"},{"nlsValue":"Development","value":"Development","NLSValue":"Development"},{"nlsValue":"Hypothetical-Private","value":"Hypothetical-Private","NLSValue":"Hypothetical-Private"},{"nlsValue":"Pilot","value":"Pilot","NLSValue":"Pilot"},{"nlsValue":"Hypothetical-Public","value":"Hypothetical-Public","NLSValue":"Hypothetical-Public"},{"nlsValue":"Experimental","value":"Experimental","NLSValue":"Experimental"},{"nlsValue":"","value":"","NLSValue":""}],"individualInfo":[]},"name":"Release Phase","lang":"en","dimension":""},{"manipulationUnit":"","range":{"dataTypes":["http://www.w3.org/2001/XMLSchema#timestamp"],"scope":"Range","classes":[],"operator":"Union"},"uri":"ds6wg:Effectivity Date","nlsName":"Effectivity Date","name":"Effectivity Date","lang":"en","dimension":""},{"manipulationUnit":"","range":{"dataTypes":["http://www.w3.org/2001/XMLSchema#string"],"scope":"Range","classes":[],"operator":"Union"},"uri":"ds6wg:PLANTS_AUTHORIZED","nlsName":"Plants Authorized","name":"PLANTS_AUTHORIZED","lang":"en","dimension":""},{"manipulationUnit":"","range":{"dataTypes":["http://www.w3.org/2001/XMLSchema#boolean"],"scope":"Range","classes":[],"operator":"Union"},"uri":"ds6wg:HAS_ATS","nlsName":"Has ATS","name":"HAS_ATS","lang":"en","dimension":""},{"manipulationUnit":"","range":{"dataTypes":["http://www.w3.org/2001/XMLSchema#string"],"scope":"Range","classes":[],"operator":"Union"},"uri":"ds6w:description","nlsName":"Description","name":"DESCRIPTION","lang":"en","dimension":""},{"manipulationUnit":"","range":{"dataTypes":["http://www.w3.org/2001/XMLSchema#string"],"scope":"Range","classes":[],"operator":"Union"},"uri":"ds6wg:pgCoCreators","nlsName":"Co-Creators","name":"pgCoCreators","lang":"en","dimension":""},{"manipulationUnit":"","range":{"dataTypes":["http://www.w3.org/2001/XMLSchema#boolean"],"scope":"Range","classes":[],"operator":"Union"},"uri":"ds6wg:ARTWORK_CONNECTED","nlsName":"Artwork Connected","name":"ARTWORK_CONNECTED","lang":"en","dimension":""},{"manipulationUnit":"","range":{"dataTypes":["http://www.w3.org/2001/XMLSchema#dateTime"],"scope":"Range","classes":[],"operator":"Union"},"uri":"ds6w:created","nlsName":"Creation Date","name":"ORIGINATED_PARAM","lang":"en","dimension":""},{"manipulationUnit":"","range":{"dataTypes":["http://www.w3.org/2001/XMLSchema#string"],"scope":"Range","classes":[],"operator":"Union"},"uri":"ds6wg:Artwork Basis","nlsName":"Artwork Basis","rangeValues":{"literalInfo":[{"nlsValue":"Standard","value":"Standard","NLSValue":"Standard"},{"nlsValue":"Marketing Customization","value":"Marketing Customization","NLSValue":"Marketing Customization"}],"individualInfo":[]},"name":"Artwork Basis","lang":"en","dimension":""},{"manipulationUnit":"","range":{"dataTypes":["http://www.w3.org/2001/XMLSchema#string"],"scope":"Range","classes":[],"operator":"Union"},"uri":"ds6w:responsible","nlsName":"Responsible","name":"OWNER_FULLNAME","lang":"en","dimension":""},{"manipulationUnit":"","range":{"dataTypes":["http://www.w3.org/2001/XMLSchema#string"],"scope":"Range","classes":[],"operator":"Union"},"uri":"ds6wg:PLANTS_ACTIVATED","nlsName":"Plants Activated","name":"PLANTS_ACTIVATED","lang":"en","dimension":""},{"manipulationUnit":"","range":{"dataTypes":["http://www.w3.org/2001/XMLSchema#string"],"scope":"Range","classes":[],"operator":"Union"},"uri":"ds6wg:SPECIFICATION_SUBTYPE","nlsName":"Specification SubType","name":"SPECIFICATION_SUBTYPE","lang":"en","dimension":""},{"manipulationUnit":"","range":{"dataTypes":["http://www.w3.org/2001/XMLSchema#string"],"scope":"Range","classes":[],"operator":"Union"},"uri":"ds6wg:PROJECT_SECURITY_CLASSIFICATION","nlsName":"Project Security Group","name":"PROJECT_SECURITY_CLASSIFICATION","lang":"en","dimension":""},{"manipulationUnit":"","range":{"dataTypes":["http://www.w3.org/2001/XMLSchema#string"],"scope":"Range","classes":[],"operator":"Union"},"uri":"ds6wg:SECURITY_CLASSIFICATION","nlsName":"Security Category Classification ","name":"SECURITY_CLASSIFICATION","lang":"en","dimension":""},{"manipulationUnit":"","range":{"dataTypes":["http://www.w3.org/2001/XMLSchema#string"],"scope":"Range","classes":[],"operator":"Union"},"uri":"ds6wg:SUBSCRIPTION_LIFECYCLE","nlsName":"Subscription Lifecycle","name":"SUBSCRIPTION_LIFECYCLE","lang":"en","dimension":""},{"manipulationUnit":"","range":{"dataTypes":["http://www.w3.org/2001/XMLSchema#timestamp"],"scope":"Range","classes":[],"operator":"Union"},"uri":"PG:releaseDate","nlsName":"Released Date","name":"Release Date","lang":"en","dimension":""},{"manipulationUnit":"","range":{"dataTypes":["http://www.w3.org/2001/XMLSchema#string"],"scope":"Range","classes":[],"operator":"Union"},"uri":"ds6wg:POA_BrandHierarchy","nlsName":"Artwork Brand","name":"POA_BrandHierarchy","lang":"en","dimension":""},{"manipulationUnit":"","range":{"dataTypes":["http://www.w3.org/2001/XMLSchema#string"],"scope":"Range","classes":[],"operator":"Union"},"uri":"ds6wg:POA_Artwork_Package","nlsName":"Artwork Package","name":"POA_Artwork_Package","lang":"en","dimension":""},{"manipulationUnit":"","range":{"dataTypes":["http://www.w3.org/2001/XMLSchema#string"],"scope":"Range","classes":[],"operator":"Union"},"uri":"ds6wg:MEPManufacturer","nlsName":"Manufacturer","name":"MEPManufacturer","lang":"en","dimension":""},{"manipulationUnit":"","range":{"dataTypes":["http://www.w3.org/2001/XMLSchema#string"],"scope":"Range","classes":[],"operator":"Union"},"uri":"ds6wg:MANUFACTURING_STATUS","nlsName":"Manufacturing Status","name":"MANUFACTURING_STATUS","lang":"en","dimension":""},{"manipulationUnit":"","range":{"dataTypes":["http://www.w3.org/2001/XMLSchema#string"],"scope":"Range","classes":[],"operator":"Union"},"uri":"ds6wg:CO_OWNER","nlsName":"Co Owner","name":"CO_OWNER","lang":"en","dimension":""},{"manipulationUnit":"","range":{"dataTypes":["http://www.w3.org/2001/XMLSchema#string"],"scope":"Range","classes":[],"operator":"Union"},"uri":"ds6w:label","nlsName":"Title","name":"LABEL","lang":"en","dimension":""},{"manipulationUnit":"","range":{"dataTypes":["http://www.w3.org/2001/XMLSchema#string"],"scope":"Range","classes":[],"operator":"Union"},"uri":"ds6w:type","nlsName":"Type","name":"TYPE_TAG","lang":"en","dimension":""},{"manipulationUnit":"","range":{"dataTypes":["http://www.w3.org/2001/XMLSchema#string"],"scope":"Range","classes":[],"operator":"Union"},"uri":"ds6wg:POA_Countries","nlsName":"POA Countries","name":"POA_Countries","lang":"en","dimension":""},{"manipulationUnit":"","range":{"dataTypes":["http://www.w3.org/2001/XMLSchema#string"],"scope":"Range","classes":[],"operator":"Union"},"uri":"ds6wg:PRODUCT_NAME","nlsName":"Product Name","name":"PRODUCT_NAME","lang":"en","dimension":""},{"manipulationUnit":"","range":{"dataTypes":["http://www.w3.org/2001/XMLSchema#string"],"scope":"Range","classes":[],"operator":"Union"},"uri":"ds6wg:PLANTS_AUTHORIZED_TO_USE","nlsName":"Plants Authorized to Use","name":"PLANTS_AUTHORIZED_TO_USE","lang":"en","dimension":""},{"manipulationUnit":"","range":{"dataTypes":["http://www.w3.org/2001/XMLSchema#string"],"scope":"Range","classes":[],"operator":"Union"},"uri":"ds6w:reservedBy","nlsName":"Reservation Owner","name":"RESERVEDBY","lang":"en","dimension":""},{"manipulationUnit":"","range":{"dataTypes":["http://www.w3.org/2001/XMLSchema#string"],"scope":"Range","classes":[],"operator":"Union"},"uri":"ds6wg:BRAND_ADDENDUM","nlsName":"Brand Addendum","name":"BRAND_ADDENDUM","lang":"en","dimension":""},{"manipulationUnit":"","range":{"dataTypes":["http://www.w3.org/2001/XMLSchema#string"],"scope":"Range","classes":[],"operator":"Union"},"uri":"ds6wg:POA_Supplier","nlsName":"POA Supplier","name":"POA_Supplier","lang":"en","dimension":""},{"manipulationUnit":"","range":{"dataTypes":["http://www.w3.org/2001/XMLSchema#string"],"scope":"Range","classes":[],"operator":"Union"},"uri":"ds6wg:PLANTS_AUTHORIZED_TO_PRODUCE","nlsName":"Plants Authorized to Produce","name":"PLANTS_AUTHORIZED_TO_PRODUCE","lang":"en","dimension":""},{"manipulationUnit":"","range":{"dataTypes":["http://www.w3.org/2001/XMLSchema#string"],"scope":"Range","classes":[],"operator":"Union"},"uri":"ds6wg:bo.dataSource","nlsName":"Data Source","name":"bo.dataSource","lang":"en","dimension":""},{"manipulationUnit":"","range":{"dataTypes":["http://www.w3.org/2001/XMLSchema#string"],"scope":"Range","classes":[],"operator":"Union"},"uri":"ds6wg:PRODUCT_VARIANT","nlsName":"Product Variant","name":"PRODUCT_VARIANT","lang":"en","dimension":""},{"manipulationUnit":"","range":{"dataTypes":["http://www.w3.org/2001/XMLSchema#string"],"scope":"Range","classes":[],"operator":"Union"},"uri":"ds6wg:REPORTED_FUNCTION","nlsName":"Reported Function","name":"REPORTED_FUNCTION","lang":"en","dimension":""},{"manipulationUnit":"","range":{"dataTypes":["http://www.w3.org/2001/XMLSchema#string"],"scope":"Range","classes":[],"operator":"Union"},"uri":"ds6wg:revision","nlsName":"Revision","name":"REVISION_TAG","lang":"en","dimension":""},{"manipulationUnit":"","range":{"dataTypes":["http://www.w3.org/2001/XMLSchema#timestamp"],"scope":"Range","classes":[],"operator":"Union"},"uri":"ds6wg:Expiration Date","nlsName":"Expiration Date","name":"Expiration Date","lang":"en","dimension":""},{"manipulationUnit":"","range":{"dataTypes":["http://www.w3.org/2001/XMLSchema#string"],"scope":"Range","classes":[],"operator":"Union"},"uri":"ds6wg:PGRTA_PLACEOFORIGIN","nlsName":"Place of Origin","name":"PGRTA_PLACEOFORIGIN","lang":"en","dimension":""},{"manipulationUnit":"","range":{"dataTypes":["http://www.w3.org/2001/XMLSchema#string"],"scope":"Range","classes":[],"operator":"Union"},"uri":"ds6wg:RTA_POAOrigin","nlsName":"POA Origin","name":"RTA_POAOrigin","lang":"en","dimension":""},{"manipulationUnit":"","range":{"dataTypes":["http://www.w3.org/2001/XMLSchema#string"],"scope":"Range","classes":[],"operator":"Union"},"uri":"ds6wg:ATS_IMPACTED_TYPE","nlsName":"ATS Impacted Type","name":"ATS_IMPACTED_TYPE","lang":"en","dimension":""},{"manipulationUnit":"","range":{"dataTypes":["http://www.w3.org/2001/XMLSchema#string"],"scope":"Range","classes":[],"operator":"Union"},"uri":"ds6wg:pgOtherNames","nlsName":"Other Names","name":"pgOtherNames","lang":"en","dimension":""},{"manipulationUnit":"","range":{"dataTypes":["http://www.w3.org/2001/XMLSchema#string"],"scope":"Range","classes":[],"operator":"Union"},"uri":"ds6wg:PG_ORGANIZATION_NAME","nlsName":"Organization","name":"PG_ORGANIZATION_NAME","lang":"en","dimension":""},{"manipulationUnit":"","range":{"dataTypes":["http://www.w3.org/2001/XMLSchema#string"],"scope":"Range","classes":[],"operator":"Union"},"uri":"ds6wg:OWNING_SEGMENT","nlsName":"Segment","name":"OWNING_SEGMENT","lang":"en","dimension":""},{"manipulationUnit":"","range":{"dataTypes":["http://www.w3.org/2001/XMLSchema#string"],"scope":"Range","classes":[],"operator":"Union"},"uri":"ds6wg:SUPPLIER_NAME","nlsName":"Supplier Name","name":"SUPPLIER_NAME","lang":"en","dimension":""},{"manipulationUnit":"","range":{"dataTypes":["http://www.w3.org/2001/XMLSchema#boolean"],"scope":"Range","classes":[],"operator":"Union"},"uri":"ds6wg:Is Version","nlsName":"Is Version","name":"Is Version","lang":"en","dimension":""},{"manipulationUnit":"","range":{"dataTypes":["http://www.w3.org/2001/XMLSchema#string"],"scope":"Range","classes":[],"operator":"Union"},"uri":"ds6wg:Comment","nlsName":"Comment","name":"Comment","lang":"en","dimension":""},{"manipulationUnit":"","range":{"dataTypes":["http://www.w3.org/2001/XMLSchema#timestamp"],"scope":"Range","classes":[],"operator":"Union"},"uri":"ds6wg:pgArchiveDate","nlsName":"Obsolete Date","name":"pgArchiveDate","lang":"en","dimension":""},{"manipulationUnit":"","range":{"dataTypes":["http://www.w3.org/2001/XMLSchema#string"],"scope":"Range","classes":[],"operator":"Union"},"uri":"ds6wg:Artwork Usage","nlsName":"Artwork Usage","name":"Artwork Usage","lang":"en","dimension":""},{"manipulationUnit":"","range":{"dataTypes":["http://www.w3.org/2001/XMLSchema#dateTime"],"scope":"Range","classes":[],"operator":"Union"},"uri":"ds6w:modified","nlsName":"Last modification","name":"MODIFIED_PARAM","lang":"en","dimension":""},{"manipulationUnit":"","range":{"dataTypes":["http://www.w3.org/2001/XMLSchema#string"],"scope":"Range","classes":[],"operator":"Union"},"uri":"ds6wg:pgMaterialGroup","nlsName":"Material Group","name":"pgMaterialGroup","lang":"en","dimension":""},{"manipulationUnit":"","range":{"dataTypes":["http://www.w3.org/2001/XMLSchema#string"],"scope":"Range","classes":[],"operator":"Union"},"uri":"ds6wg:pgOriginatingSource","nlsName":"Originating Source","name":"pgOriginatingSource","lang":"en","dimension":""},{"manipulationUnit":"","range":{"dataTypes":["http://www.w3.org/2001/XMLSchema#string"],"scope":"Range","classes":[],"operator":"Union"},"uri":"ds6wg:BRAND_NAME","nlsName":"Brand","name":"BRAND_NAME","lang":"en","dimension":""}],"className":"ds6wg:POA"}]}