{"infos":{"nresults":40,"nhits":120000,"version":"1.1","next_start":"40 0 1 323904678","sources":[{"status":true,"name":"3dspace","service":"3DSpace","time":"1619"}]},"results":[{"attributes":[{"format":"internal","name":"resourceid","type":"STRING","value":"3034C5283D260000D8D0DF5B6B2E0200"},{"format":"internal","name":"showonly","type":"boolean","value":"false"},{"format":"internal","name":"type_icon_url","type":"string","value":"https://plmtest.pg.com/enovia/snresources/images/icons/small/iconSmallDocument.gif"},{"format":"internal","name":"preview_url","type":"string","value":"https://plmtest.pg.com/enovia/snresources/images/icons/large/I_CDM_Document108x144.png"},{"format":"attribute","name":"ds6wg:SECURITY_CLASSIFICATION","type":"string","value":"Dish Care-R"},{"format":"internal","name":"sourceid","type":"string","value":"3dspace"}]},{"attributes":[{"format":"internal","name":"resourceid","type":"STRING","value":"9024C528351C0000EBD69C5C8AF60400"},{"format":"internal","name":"showonly","type":"boolean","value":"false"},{"format":"internal","name":"type_icon_url","type":"string","value":"https://plmtest.pg.com/enovia/snresources/images/icons/small/iconSmallDocument.gif"},{"format":"internal","name":"preview_url","type":"string","value":"https://plmtest.pg.com/enovia/snresources/images/icons/large/I_CDM_Document108x144.png"},{"format":"attribute","name":"ds6wg:SECURITY_CLASSIFICATION","type":"string","value":"Dish Care-R"},{"format":"internal","name":"sourceid","type":"string","value":"3dspace"}]},{"attributes":[{"format":"internal","name":"resourceid","type":"STRING","value":"9024C528351C0000E9D69C5C0A3E0A00"},{"format":"internal","name":"showonly","type":"boolean","value":"false"},{"format":"internal","name":"type_icon_url","type":"string","value":"https://plmtest.pg.com/enovia/snresources/images/icons/small/iconSmallDocument.gif"},{"format":"internal","name":"preview_url","type":"string","value":"https://plmtest.pg.com/enovia/snresources/images/icons/large/I_CDM_Document108x144.png"},{"format":"attribute","name":"ds6wg:SECURITY_CLASSIFICATION","type":"string","value":"Dish Care-R"},{"format":"internal","name":"sourceid","type":"string","value":"3dspace"}]},{"attributes":[{"format":"internal","name":"resourceid","type":"STRING","value":"3034C52840330000AA44345CE8A20100"},{"format":"internal","name":"showonly","type":"boolean","value":"false"},{"format":"internal","name":"type_icon_url","type":"string","value":"https://plmtest.pg.com/enovia/snresources/images/icons/small/packagingassembly.gif"},{"format":"internal","name":"preview_url","type":"string","value":"https://plmtest.pg.com/enovia/snresources/images/icons/large/I_EBOM_Part108x144.png"},{"format":"attribute","name":"ds6wg:SECURITY_CLASSIFICATION","type":"string","value":"Dish Care-R"},{"format":"attribute","name":"ds6wg:SECURITY_CLASSIFICATION","type":"string","value":"Oral Care-R"},{"format":"internal","name":"sourceid","type":"string","value":"3dspace"}]},{"attributes":[{"format":"internal","name":"resourceid","type":"STRING","value":"3034C5282B2F0000856F345C02D00C00"},{"format":"internal","name":"showonly","type":"boolean","value":"false"},{"format":"internal","name":"type_icon_url","type":"string","value":"https://plmtest.pg.com/enovia/snresources/images/icons/small/packagingassembly.gif"},{"format":"internal","name":"preview_url","type":"string","value":"https://plmtest.pg.com/enovia/snresources/images/icons/large/I_EBOM_Part108x144.png"},{"format":"attribute","name":"ds6wg:SECURITY_CLASSIFICATION","type":"string","value":"Dish Care-R"},{"format":"attribute","name":"ds6wg:SECURITY_CLASSIFICATION","type":"string","value":"Oral Care-R"},{"format":"internal","name":"sourceid","type":"string","value":"3dspace"}]},{"attributes":[{"format":"internal","name":"resourceid","type":"STRING","value":"3034C5284C2700006925825C479F0A00"},{"format":"internal","name":"showonly","type":"boolean","value":"false"},{"format":"internal","name":"type_icon_url","type":"string","value":"https://plmtest.pg.com/enovia/snresources/images/icons/small/iconSmallDocument.gif"},{"format":"internal","name":"preview_url","type":"string","value":"https://plmtest.pg.com/enovia/snresources/images/icons/large/I_CDM_Document108x144.png"},{"format":"attribute","name":"ds6wg:SECURITY_CLASSIFICATION","type":"string","value":"Dish Care-R"},{"format":"attribute","name":"ds6wg:SECURITY_CLASSIFICATION","type":"string","value":"Oral Care-R"},{"format":"internal","name":"sourceid","type":"string","value":"3dspace"}]},{"attributes":[{"format":"internal","name":"resourceid","type":"STRING","value":"3034C528081900002700FF5BE1510300"},{"format":"internal","name":"showonly","type":"boolean","value":"false"},{"format":"internal","name":"type_icon_url","type":"string","value":"https://plmtest.pg.com/enovia/snresources/images/icons/small/iconSmallDocument.gif"},{"format":"internal","name":"preview_url","type":"string","value":"https://plmtest.pg.com/enovia/snresources/images/icons/large/I_CDM_Document108x144.png"},{"format":"attribute","name":"ds6wg:SECURITY_CLASSIFICATION","type":"string","value":"Dish Care-R"},{"format":"internal","name":"sourceid","type":"string","value":"3dspace"}]},{"attributes":[{"format":"internal","name":"resourceid","type":"STRING","value":"3034C528081900002700FF5BE9490100"},{"format":"internal","name":"showonly","type":"boolean","value":"false"},{"format":"internal","name":"type_icon_url","type":"string","value":"https://plmtest.pg.com/enovia/snresources/images/icons/small/iconSmallSpecification.gif"},{"format":"internal","name":"preview_url","type":"string","value":"https://plmtest.pg.com/enovia/snresources/images/icons/large/I_CDM_Document108x144.png"},{"format":"attribute","name":"ds6wg:SECURITY_CLASSIFICATION","type":"string","value":"Dish Care-R"},{"format":"internal","name":"sourceid","type":"string","value":"3dspace"}]},{"attributes":[{"format":"internal","name":"resourceid","type":"STRING","value":"3034C528081900002600FF5B8AC00900"},{"format":"internal","name":"showonly","type":"boolean","value":"false"},{"format":"internal","name":"type_icon_url","type":"string","value":"https://plmtest.pg.com/enovia/snresources/images/icons/small/iconSmallDocument.gif"},{"format":"internal","name":"preview_url","type":"string","value":"https://plmtest.pg.com/enovia/snresources/images/icons/large/I_CDM_Document108x144.png"},{"format":"attribute","name":"ds6wg:SECURITY_CLASSIFICATION","type":"string","value":"Dish Care-R"},{"format":"internal","name":"sourceid","type":"string","value":"3dspace"}]},{"attributes":[{"format":"internal","name":"resourceid","type":"STRING","value":"3034C528081900001840FD5B27700B00"},{"format":"internal","name":"showonly","type":"boolean","value":"false"},{"format":"internal","name":"type_icon_url","type":"string","value":"https://plmtest.pg.com/enovia/snresources/images/icons/small/iconSmallDocument.gif"},{"format":"internal","name":"preview_url","type":"string","value":"https://plmtest.pg.com/enovia/snresources/images/icons/large/I_CDM_Document108x144.png"},{"format":"attribute","name":"ds6wg:SECURITY_CLASSIFICATION","type":"string","value":"Dish Care-R"},{"format":"internal","name":"sourceid","type":"string","value":"3dspace"}]},{"attributes":[{"format":"internal","name":"resourceid","type":"STRING","value":"3034C52808190000AA57FE5B38B00A00"},{"format":"internal","name":"showonly","type":"boolean","value":"false"},{"format":"internal","name":"type_icon_url","type":"string","value":"https://plmtest.pg.com/enovia/snresources/images/icons/small/iconSmallDocument.gif"},{"format":"internal","name":"preview_url","type":"string","value":"https://plmtest.pg.com/enovia/snresources/images/icons/large/I_CDM_Document108x144.png"},{"format":"attribute","name":"ds6wg:SECURITY_CLASSIFICATION","type":"string","value":"Dish Care-R"},{"format":"internal","name":"sourceid","type":"string","value":"3dspace"}]},{"attributes":[{"format":"internal","name":"resourceid","type":"STRING","value":"3034C528081900006B49FD5B71B50600"},{"format":"internal","name":"showonly","type":"boolean","value":"false"},{"format":"internal","name":"type_icon_url","type":"string","value":"https://plmtest.pg.com/enovia/snresources/images/icons/small/iconSmallDocument.gif"},{"format":"internal","name":"preview_url","type":"string","value":"https://plmtest.pg.com/enovia/snresources/images/icons/large/I_CDM_Document108x144.png"},{"format":"attribute","name":"ds6wg:SECURITY_CLASSIFICATION","type":"string","value":"Dish Care-R"},{"format":"internal","name":"sourceid","type":"string","value":"3dspace"}]},{"attributes":[{"format":"internal","name":"resourceid","type":"STRING","value":"3034C52808190000203FFD5BAEA20400"},{"format":"internal","name":"showonly","type":"boolean","value":"false"},{"format":"internal","name":"type_icon_url","type":"string","value":"https://plmtest.pg.com/enovia/snresources/images/icons/small/fpc.gif"},{"format":"internal","name":"preview_url","type":"string","value":"https://plmtest.pg.com/enovia/snresources/images/icons/large/I_EBOM_Part108x144.png"},{"format":"attribute","name":"ds6wg:SECURITY_CLASSIFICATION","type":"string","value":"Dish Care-R"},{"format":"internal","name":"sourceid","type":"string","value":"3dspace"}]},{"attributes":[{"format":"internal","name":"resourceid","type":"STRING","value":"3034C528081900009601FF5BEB900E00"},{"format":"internal","name":"showonly","type":"boolean","value":"false"},{"format":"internal","name":"type_icon_url","type":"string","value":"https://plmtest.pg.com/enovia/snresources/images/icons/small/iconSmallSpecification.gif"},{"format":"internal","name":"preview_url","type":"string","value":"https://plmtest.pg.com/enovia/snresources/images/icons/large/I_CDM_Document108x144.png"},{"format":"attribute","name":"ds6wg:SECURITY_CLASSIFICATION","type":"string","value":"Dish Care-R"},{"format":"internal","name":"sourceid","type":"string","value":"3dspace"}]},{"attributes":[{"format":"internal","name":"resourceid","type":"STRING","value":"3034C528081900009601FF5BF5B30600"},{"format":"internal","name":"showonly","type":"boolean","value":"false"},{"format":"internal","name":"type_icon_url","type":"string","value":"https://plmtest.pg.com/enovia/snresources/images/icons/small/iconSmallDocument.gif"},{"format":"internal","name":"preview_url","type":"string","value":"https://plmtest.pg.com/enovia/snresources/images/icons/large/I_CDM_Document108x144.png"},{"format":"attribute","name":"ds6wg:SECURITY_CLASSIFICATION","type":"string","value":"Dish Care-R"},{"format":"internal","name":"sourceid","type":"string","value":"3dspace"}]},{"attributes":[{"format":"internal","name":"resourceid","type":"STRING","value":"3034C528081900009701FF5BEE800100"},{"format":"internal","name":"showonly","type":"boolean","value":"false"},{"format":"internal","name":"type_icon_url","type":"string","value":"https://plmtest.pg.com/enovia/snresources/images/icons/small/iconSmallDocument.gif"},{"format":"internal","name":"preview_url","type":"string","value":"https://plmtest.pg.com/enovia/snresources/images/icons/large/I_CDM_Document108x144.png"},{"format":"attribute","name":"ds6wg:SECURITY_CLASSIFICATION","type":"string","value":"Dish Care-R"},{"format":"internal","name":"sourceid","type":"string","value":"3dspace"}]},{"attributes":[{"format":"internal","name":"resourceid","type":"STRING","value":"3034C52808190000A158FE5B567C0300"},{"format":"internal","name":"showonly","type":"boolean","value":"false"},{"format":"internal","name":"type_icon_url","type":"string","value":"https://plmtest.pg.com/enovia/snresources/images/icons/small/iconSmallDocument.gif"},{"format":"internal","name":"preview_url","type":"string","value":"https://plmtest.pg.com/enovia/snresources/images/icons/large/I_CDM_Document108x144.png"},{"format":"attribute","name":"ds6wg:SECURITY_CLASSIFICATION","type":"string","value":"Dish Care-R"},{"format":"internal","name":"sourceid","type":"string","value":"3dspace"}]},{"attributes":[{"format":"internal","name":"resourceid","type":"STRING","value":"3034C5280C4B0000029C075C4FE90D00"},{"format":"internal","name":"showonly","type":"boolean","value":"false"},{"format":"internal","name":"type_icon_url","type":"string","value":"https://plmtest.pg.com/enovia/snresources/images/icons/small/packagingmaterial.gif"},{"format":"internal","name":"preview_url","type":"string","value":"https://plmtest.pg.com/enovia/snresources/images/icons/large/I_EBOM_Part108x144.png"},{"format":"attribute","name":"ds6wg:SECURITY_CLASSIFICATION","type":"string","value":"Dish Care-R"},{"format":"attribute","name":"ds6wg:SECURITY_CLASSIFICATION","type":"string","value":"Oral Care-R"},{"format":"internal","name":"sourceid","type":"string","value":"3dspace"}]},{"attributes":[{"format":"internal","name":"resourceid","type":"STRING","value":"3034C5280C4B0000343B085C0F480800"},{"format":"internal","name":"showonly","type":"boolean","value":"false"},{"format":"internal","name":"type_icon_url","type":"string","value":"https://plmtest.pg.com/enovia/snresources/images/icons/small/iconSmallDocument.gif"},{"format":"internal","name":"preview_url","type":"string","value":"https://plmtest.pg.com/enovia/snresources/images/icons/large/I_CDM_Document108x144.png"},{"format":"attribute","name":"ds6wg:SECURITY_CLASSIFICATION","type":"string","value":"Dish Care-R"},{"format":"attribute","name":"ds6wg:SECURITY_CLASSIFICATION","type":"string","value":"Oral Care-R"},{"format":"internal","name":"sourceid","type":"string","value":"3dspace"}]},{"attributes":[{"format":"internal","name":"resourceid","type":"STRING","value":"3034C52809720000B3776A5CF9EA0500"},{"format":"internal","name":"showonly","type":"boolean","value":"false"},{"format":"internal","name":"type_icon_url","type":"string","value":"https://plmtest.pg.com/enovia/snresources/images/icons/small/packagingmaterial.gif"},{"format":"internal","name":"preview_url","type":"string","value":"https://plmtest.pg.com/enovia/snresources/images/icons/large/I_EBOM_Part108x144.png"},{"format":"attribute","name":"ds6wg:SECURITY_CLASSIFICATION","type":"string","value":"Dish Care-R"},{"format":"attribute","name":"ds6wg:SECURITY_CLASSIFICATION","type":"string","value":"Oral Care-R"},{"format":"internal","name":"sourceid","type":"string","value":"3dspace"}]},{"attributes":[{"format":"internal","name":"resourceid","type":"STRING","value":"3034C5280C4B0000B978075C67300C00"},{"format":"internal","name":"showonly","type":"boolean","value":"false"},{"format":"internal","name":"type_icon_url","type":"string","value":"https://plmtest.pg.com/enovia/snresources/images/icons/small/packagingmaterial.gif"},{"format":"internal","name":"preview_url","type":"string","value":"https://plmtest.pg.com/enovia/snresources/images/icons/large/I_EBOM_Part108x144.png"},{"format":"attribute","name":"ds6wg:SECURITY_CLASSIFICATION","type":"string","value":"Dish Care-R"},{"format":"attribute","name":"ds6wg:SECURITY_CLASSIFICATION","type":"string","value":"Oral Care-R"},{"format":"internal","name":"sourceid","type":"string","value":"3dspace"}]},{"attributes":[{"format":"internal","name":"resourceid","type":"STRING","value":"3034C5280C4B00000E75075C63030200"},{"format":"internal","name":"showonly","type":"boolean","value":"false"},{"format":"internal","name":"type_icon_url","type":"string","value":"https://plmtest.pg.com/enovia/snresources/images/icons/small/packagingmaterial.gif"},{"format":"internal","name":"preview_url","type":"string","value":"https://plmtest.pg.com/enovia/snresources/images/icons/large/I_EBOM_Part108x144.png"},{"format":"attribute","name":"ds6wg:SECURITY_CLASSIFICATION","type":"string","value":"Dish Care-R"},{"format":"attribute","name":"ds6wg:SECURITY_CLASSIFICATION","type":"string","value":"Oral Care-R"},{"format":"internal","name":"sourceid","type":"string","value":"3dspace"}]},{"attributes":[{"format":"internal","name":"resourceid","type":"STRING","value":"3034C5280C4B0000696E075C2FFA0800"},{"format":"internal","name":"showonly","type":"boolean","value":"false"},{"format":"internal","name":"type_icon_url","type":"string","value":"https://plmtest.pg.com/enovia/snresources/images/icons/small/packagingassembly.gif"},{"format":"internal","name":"preview_url","type":"string","value":"https://plmtest.pg.com/enovia/snresources/images/icons/large/I_EBOM_Part108x144.png"},{"format":"attribute","name":"ds6wg:SECURITY_CLASSIFICATION","type":"string","value":"Dish Care-R"},{"format":"attribute","name":"ds6wg:SECURITY_CLASSIFICATION","type":"string","value":"Oral Care-R"},{"format":"internal","name":"sourceid","type":"string","value":"3dspace"}]},{"attributes":[{"format":"internal","name":"resourceid","type":"STRING","value":"3034C5280C4B00007575075CDAB60700"},{"format":"internal","name":"showonly","type":"boolean","value":"false"},{"format":"internal","name":"type_icon_url","type":"string","value":"https://plmtest.pg.com/enovia/snresources/images/icons/small/packagingmaterial.gif"},{"format":"internal","name":"preview_url","type":"string","value":"https://plmtest.pg.com/enovia/snresources/images/icons/large/I_EBOM_Part108x144.png"},{"format":"attribute","name":"ds6wg:SECURITY_CLASSIFICATION","type":"string","value":"Dish Care-R"},{"format":"attribute","name":"ds6wg:SECURITY_CLASSIFICATION","type":"string","value":"Oral Care-R"},{"format":"internal","name":"sourceid","type":"string","value":"3dspace"}]},{"attributes":[{"format":"internal","name":"resourceid","type":"STRING","value":"3034C5280C4B0000CA7B075C50AD0500"},{"format":"internal","name":"showonly","type":"boolean","value":"false"},{"format":"internal","name":"type_icon_url","type":"string","value":"https://plmtest.pg.com/enovia/snresources/images/icons/small/packagingmaterial.gif"},{"format":"internal","name":"preview_url","type":"string","value":"https://plmtest.pg.com/enovia/snresources/images/icons/large/I_EBOM_Part108x144.png"},{"format":"attribute","name":"ds6wg:SECURITY_CLASSIFICATION","type":"string","value":"Dish Care-R"},{"format":"attribute","name":"ds6wg:SECURITY_CLASSIFICATION","type":"string","value":"Oral Care-R"},{"format":"internal","name":"sourceid","type":"string","value":"3dspace"}]},{"attributes":[{"format":"internal","name":"resourceid","type":"STRING","value":"3034C5280C7A0000C7F8295C2FFC0000"},{"format":"internal","name":"showonly","type":"boolean","value":"false"},{"format":"internal","name":"type_icon_url","type":"string","value":"https://plmtest.pg.com/enovia/snresources/images/icons/small/packagingmaterial.gif"},{"format":"internal","name":"preview_url","type":"string","value":"https://plmtest.pg.com/enovia/snresources/images/icons/large/I_EBOM_Part108x144.png"},{"format":"attribute","name":"ds6wg:SECURITY_CLASSIFICATION","type":"string","value":"Dish Care-R"},{"format":"attribute","name":"ds6wg:SECURITY_CLASSIFICATION","type":"string","value":"Oral Care-R"},{"format":"internal","name":"sourceid","type":"string","value":"3dspace"}]},{"attributes":[{"format":"internal","name":"resourceid","type":"STRING","value":"3034C5280C4B0000F05B075C73740D00"},{"format":"internal","name":"showonly","type":"boolean","value":"false"},{"format":"internal","name":"type_icon_url","type":"string","value":"https://plmtest.pg.com/enovia/snresources/images/icons/small/packagingassembly.gif"},{"format":"internal","name":"preview_url","type":"string","value":"https://plmtest.pg.com/enovia/snresources/images/icons/large/I_EBOM_Part108x144.png"},{"format":"attribute","name":"ds6wg:SECURITY_CLASSIFICATION","type":"string","value":"Dish Care-R"},{"format":"attribute","name":"ds6wg:SECURITY_CLASSIFICATION","type":"string","value":"Oral Care-R"},{"format":"internal","name":"sourceid","type":"string","value":"3dspace"}]},{"attributes":[{"format":"internal","name":"resourceid","type":"STRING","value":"3034C5280C4B0000A76E075CB5520600"},{"format":"internal","name":"showonly","type":"boolean","value":"false"},{"format":"internal","name":"type_icon_url","type":"string","value":"https://plmtest.pg.com/enovia/snresources/images/icons/small/packagingmaterial.gif"},{"format":"internal","name":"preview_url","type":"string","value":"https://plmtest.pg.com/enovia/snresources/images/icons/large/I_EBOM_Part108x144.png"},{"format":"attribute","name":"ds6wg:SECURITY_CLASSIFICATION","type":"string","value":"Dish Care-R"},{"format":"attribute","name":"ds6wg:SECURITY_CLASSIFICATION","type":"string","value":"Oral Care-R"},{"format":"internal","name":"sourceid","type":"string","value":"3dspace"}]},{"attributes":[{"format":"internal","name":"resourceid","type":"STRING","value":"3034C5280C7A0000DCCD295C0D410E00"},{"format":"internal","name":"showonly","type":"boolean","value":"false"},{"format":"internal","name":"type_icon_url","type":"string","value":"https://plmtest.pg.com/enovia/snresources/images/icons/small/packagingmaterial.gif"},{"format":"internal","name":"preview_url","type":"string","value":"https://plmtest.pg.com/enovia/snresources/images/icons/large/I_EBOM_Part108x144.png"},{"format":"attribute","name":"ds6wg:SECURITY_CLASSIFICATION","type":"string","value":"Dish Care-R"},{"format":"attribute","name":"ds6wg:SECURITY_CLASSIFICATION","type":"string","value":"Oral Care-R"},{"format":"internal","name":"sourceid","type":"string","value":"3dspace"}]},{"attributes":[{"format":"internal","name":"resourceid","type":"STRING","value":"3034C528112D00002F5C345C1E920300"},{"format":"internal","name":"showonly","type":"boolean","value":"false"},{"format":"internal","name":"type_icon_url","type":"string","value":"https://plmtest.pg.com/enovia/snresources/images/icons/small/iconSmallDocument.gif"},{"format":"internal","name":"preview_url","type":"string","value":"https://plmtest.pg.com/enovia/snresources/images/icons/large/I_CDM_Document108x144.png"},{"format":"attribute","name":"ds6wg:SECURITY_CLASSIFICATION","type":"string","value":"Dish Care-R"},{"format":"internal","name":"sourceid","type":"string","value":"3dspace"}]},{"attributes":[{"format":"internal","name":"resourceid","type":"STRING","value":"3034C528112D0000305C345C9FD20300"},{"format":"internal","name":"showonly","type":"boolean","value":"false"},{"format":"internal","name":"type_icon_url","type":"string","value":"https://plmtest.pg.com/enovia/snresources/images/icons/small/iconSmallDocument.gif"},{"format":"internal","name":"preview_url","type":"string","value":"https://plmtest.pg.com/enovia/snresources/images/icons/large/I_CDM_Document108x144.png"},{"format":"attribute","name":"ds6wg:SECURITY_CLASSIFICATION","type":"string","value":"Dish Care-R"},{"format":"internal","name":"sourceid","type":"string","value":"3dspace"}]},{"attributes":[{"format":"internal","name":"resourceid","type":"STRING","value":"3034C52814600000F6AB065CE43B0100"},{"format":"internal","name":"showonly","type":"boolean","value":"false"},{"format":"internal","name":"type_icon_url","type":"string","value":"https://plmtest.pg.com/enovia/snresources/images/icons/small/iconSmallDocument.gif"},{"format":"internal","name":"preview_url","type":"string","value":"https://plmtest.pg.com/enovia/snresources/images/icons/large/I_CDM_Document108x144.png"},{"format":"attribute","name":"ds6wg:SECURITY_CLASSIFICATION","type":"string","value":"Dish Care-R"},{"format":"internal","name":"sourceid","type":"string","value":"3dspace"}]},{"attributes":[{"format":"internal","name":"resourceid","type":"STRING","value":"3034C5281460000094B1065CACE70E00"},{"format":"internal","name":"showonly","type":"boolean","value":"false"},{"format":"internal","name":"type_icon_url","type":"string","value":"https://plmtest.pg.com/enovia/snresources/images/icons/small/iconSmallDocument.gif"},{"format":"internal","name":"preview_url","type":"string","value":"https://plmtest.pg.com/enovia/snresources/images/icons/large/I_CDM_Document108x144.png"},{"format":"attribute","name":"ds6wg:SECURITY_CLASSIFICATION","type":"string","value":"Dish Care-R"},{"format":"internal","name":"sourceid","type":"string","value":"3dspace"}]},{"attributes":[{"format":"internal","name":"resourceid","type":"STRING","value":"3034C528146000005EAD065C8C0B0F00"},{"format":"internal","name":"showonly","type":"boolean","value":"false"},{"format":"internal","name":"type_icon_url","type":"string","value":"https://plmtest.pg.com/enovia/snresources/images/icons/small/iconSmallDocument.gif"},{"format":"internal","name":"preview_url","type":"string","value":"https://plmtest.pg.com/enovia/snresources/images/icons/large/I_CDM_Document108x144.png"},{"format":"attribute","name":"ds6wg:SECURITY_CLASSIFICATION","type":"string","value":"Dish Care-R"},{"format":"internal","name":"sourceid","type":"string","value":"3dspace"}]},{"attributes":[{"format":"internal","name":"resourceid","type":"STRING","value":"3034C528156900003FF4255C47250000"},{"format":"internal","name":"showonly","type":"boolean","value":"false"},{"format":"internal","name":"type_icon_url","type":"string","value":"https://plmtest.pg.com/enovia/snresources/images/icons/small/iconSmallDocument.gif"},{"format":"internal","name":"preview_url","type":"string","value":"https://plmtest.pg.com/enovia/snresources/images/icons/large/I_CDM_Document108x144.png"},{"format":"attribute","name":"ds6wg:SECURITY_CLASSIFICATION","type":"string","value":"Dish Care-R"},{"format":"internal","name":"sourceid","type":"string","value":"3dspace"}]},{"attributes":[{"format":"internal","name":"resourceid","type":"STRING","value":"3034C528156900004164245CDC320500"},{"format":"internal","name":"showonly","type":"boolean","value":"false"},{"format":"internal","name":"type_icon_url","type":"string","value":"https://plmtest.pg.com/enovia/snresources/images/icons/small/iconSmallDocument.gif"},{"format":"internal","name":"preview_url","type":"string","value":"https://plmtest.pg.com/enovia/snresources/images/icons/large/I_CDM_Document108x144.png"},{"format":"attribute","name":"ds6wg:SECURITY_CLASSIFICATION","type":"string","value":"Dish Care-R"},{"format":"internal","name":"sourceid","type":"string","value":"3dspace"}]},{"attributes":[{"format":"internal","name":"resourceid","type":"STRING","value":"3034C528156900003F7C245CC9E10900"},{"format":"internal","name":"showonly","type":"boolean","value":"false"},{"format":"internal","name":"type_icon_url","type":"string","value":"https://plmtest.pg.com/enovia/snresources/images/icons/small/iconSmallDocument.gif"},{"format":"internal","name":"preview_url","type":"string","value":"https://plmtest.pg.com/enovia/snresources/images/icons/large/I_CDM_Document108x144.png"},{"format":"attribute","name":"ds6wg:SECURITY_CLASSIFICATION","type":"string","value":"Dish Care-R"},{"format":"internal","name":"sourceid","type":"string","value":"3dspace"}]},{"attributes":[{"format":"internal","name":"resourceid","type":"STRING","value":"3034C5281569000007A0245C9C770200"},{"format":"internal","name":"showonly","type":"boolean","value":"false"},{"format":"internal","name":"type_icon_url","type":"string","value":"https://plmtest.pg.com/enovia/snresources/images/icons/small/iconSmallDocument.gif"},{"format":"internal","name":"preview_url","type":"string","value":"https://plmtest.pg.com/enovia/snresources/images/icons/large/I_CDM_Document108x144.png"},{"format":"attribute","name":"ds6wg:SECURITY_CLASSIFICATION","type":"string","value":"Dish Care-R"},{"format":"internal","name":"sourceid","type":"string","value":"3dspace"}]},{"attributes":[{"format":"internal","name":"resourceid","type":"STRING","value":"3034C5281569000026D4255C691B0200"},{"format":"internal","name":"showonly","type":"boolean","value":"false"},{"format":"internal","name":"type_icon_url","type":"string","value":"https://plmtest.pg.com/enovia/snresources/images/icons/small/iconSmallDocument.gif"},{"format":"internal","name":"preview_url","type":"string","value":"https://plmtest.pg.com/enovia/snresources/images/icons/large/I_CDM_Document108x144.png"},{"format":"attribute","name":"ds6wg:SECURITY_CLASSIFICATION","type":"string","value":"Dish Care-R"},{"format":"internal","name":"sourceid","type":"string","value":"3dspace"}]},{"attributes":[{"format":"internal","name":"resourceid","type":"STRING","value":"3034C528156900002781245CCF0D0B00"},{"format":"internal","name":"showonly","type":"boolean","value":"false"},{"format":"internal","name":"type_icon_url","type":"string","value":"https://plmtest.pg.com/enovia/snresources/images/icons/small/iconSmallDocument.gif"},{"format":"internal","name":"preview_url","type":"string","value":"https://plmtest.pg.com/enovia/snresources/images/icons/large/I_CDM_Document108x144.png"},{"format":"attribute","name":"ds6wg:SECURITY_CLASSIFICATION","type":"string","value":"Dish Care-R"},{"format":"internal","name":"sourceid","type":"string","value":"3dspace"}]}]}