{"vocabularyElementNLSInfo":[{"nlsName":"Title","dataType":"string","type":"Predicate","lang":"en","uri":"ds6w:label"},{"nlsName":"Type","dataType":"string","type":"Predicate","lang":"en","uri":"ds6w:type"},{"nlsName":"Maturity State","dataType":"string","type":"Predicate","lang":"en","uri":"ds6w:status"},{"nlsName":"Responsible","dataType":"string","type":"Predicate","lang":"en","uri":"ds6w:responsible"},{"nlsName":"Last modification","dataType":"dateTime","type":"Predicate","lang":"en","uri":"ds6w:modified"},{"nlsName":"Collaborative Space","dataType":"string","type":"Predicate","lang":"en","uri":"ds6w:project"},{"nlsName":"Name","dataType":"string","type":"Predicate","lang":"en","uri":"ds6w:identifier"},{"nlsName":"Description","dataType":"string","type":"Predicate","lang":"en","uri":"ds6w:description"},{"nlsName":"Community","dataType":"string","type":"Predicate","lang":"en","uri":"ds6w:community"},{"nlsName":"revision","lang":"en","uri":"ds6wg:revision"}]}