{"vocabularyElementNLSInfo":[{"nlsName":"Library Classes","dataType":"string","type":"Predicate","lang":"en","uri":"ds6w:library"},{"nlsName":"Reservation","dataType":"boolean","type":"Predicate","lang":"en","uri":"ds6w:reserved"},{"nlsName":"Context","dataType":"string","type":"Predicate","lang":"en","uri":"ds6w:context"},{"nlsName":"Collaborative Space","dataType":"string","type":"Predicate","lang":"en","uri":"ds6w:project"},{"nlsName":"Ownership Organization","dataType":"string","type":"Predicate","lang":"en","uri":"ds6w:organizationResponsible"},{"nlsName":"Originator","dataType":"string","type":"Predicate","lang":"en","uri":"ds6w:originator"},{"nlsName":"POA","lang":"en","uri":"ds6wg:POA"}]}